feedback_text,feedback_timestamp,menu_item,meal_time
"Neither good nor bad, just normal.",2024-07-09T00:00:00,Gulab Jamun,Dinner
The meal was light and refreshing.,2025-09-25T00:00:00,Ice Cream,Breakfast
The meal was okay.,2024-03-25T00:00:00,Paneer Curry,Lunch
"Fresh and tasty, good job by the kitchen.",2025-12-29T00:00:00,Roti,Lunch
Good quality and well cooked.,2025-01-04T00:00:00,Curd Rice,Dinner
The food tasted great today.,2024-11-11T00:00:00,Sambar Rice,Breakfast
The meal was light and refreshing.,2024-10-03T00:00:00,Bonda,Snacks
The food tasted great today.,2024-07-10T00:00:00,Sambar Rice,Lunch
Decent meal overall.,2025-07-22T00:00:00,Uggani,Dinner
The food tasted great today.,2024-01-27T00:00:00,Fish Curry,Dinner
Portion size was perfect and taste was nice.,2024-04-05T00:00:00,Pongal,Snacks
The meal was okay.,2024-10-25T00:00:00,Samosa,Dinner
The meal was okay.,2026-01-12T00:00:00,Uggani,Dinner
Portion size was perfect and taste was nice.,2025-06-17T00:00:00,Mutton Curry,Lunch
"Really enjoyed the meal, it was delicious.",2024-05-22T00:00:00,Veg Curry,Dinner
Good quality and well cooked.,2025-05-19T00:00:00,Roti,Snacks
"Really enjoyed the meal, it was delicious.",2025-03-21T00:00:00,Curd Rice,Breakfast
"It was fine, could be better.",2025-05-10T00:00:00,Roti,Dinner
Good quality and well cooked.,2024-09-09T00:00:00,Pongal,Snacks
"Fresh and tasty, good job by the kitchen.",2024-04-19T00:00:00,Vada,Lunch
The food tasted great today.,2025-02-09T00:00:00,Curd Rice,Snacks
The meal was light and refreshing.,2024-12-03T00:00:00,Samosa,Dinner
"Fresh and tasty, good job by the kitchen.",2025-10-28T00:00:00,Bonda,Snacks
"It was fine, could be better.",2025-09-09T00:00:00,Curd Rice,Snacks
Good quality and well cooked.,2024-06-30T00:00:00,Chicken Biryani,Dinner
Good quality and well cooked.,2026-01-22T00:00:00,Ice Cream,Snacks
Good quality and well cooked.,2025-01-20T00:00:00,Vada,Lunch
Good quality and well cooked.,2024-04-26T00:00:00,Roti,Dinner
Decent meal overall.,2024-01-28T00:00:00,Chicken Biryani,Lunch
"Fresh and tasty, good job by the kitchen.",2024-10-25T00:00:00,Bonda,Lunch
"Amazing flavors, I loved the taste.",2025-05-26T00:00:00,Pongal,Dinner
"Really enjoyed the meal, it was delicious.",2024-09-15T00:00:00,Curd Rice,Snacks
The meal was light and refreshing.,2025-01-21T00:00:00,Curd Rice,Dinner
Portion size was perfect and taste was nice.,2025-05-05T00:00:00,Pongal,Dinner
The overall quality was poor today.,2024-02-07T00:00:00,Ice Cream,Dinner
The food tasted great today.,2026-02-26T00:00:00,Gulab Jamun,Breakfast
"Really enjoyed the meal, it was delicious.",2025-10-24T00:00:00,Veg Biryani,Snacks
The meal was light and refreshing.,2024-12-05T00:00:00,Dosa,Dinner
The meal was okay.,2024-04-10T00:00:00,Uggani,Breakfast
Portion size was perfect and taste was nice.,2026-02-03T00:00:00,Roti,Lunch
"Fresh and tasty, good job by the kitchen.",2025-01-18T00:00:00,Fish Curry,Lunch
The meal was light and refreshing.,2025-11-26T00:00:00,Ice Cream,Dinner
"It was fine, could be better.",2024-01-26T00:00:00,Fish Curry,Lunch
Good quality and well cooked.,2025-03-01T00:00:00,Vada,Breakfast
The meal was light and refreshing.,2026-01-17T00:00:00,Pongal,Breakfast
Good quality and well cooked.,2024-12-17T00:00:00,Curd Rice,Snacks
Portion size was perfect and taste was nice.,2025-05-09T00:00:00,Bonda,Lunch
The meal was okay.,2025-03-24T00:00:00,Gulab Jamun,Dinner
The food tasted great today.,2024-11-03T00:00:00,Bonda,Snacks
The food tasted great today.,2024-12-17T00:00:00,Dosa,Breakfast
"Amazing flavors, I loved the taste.",2024-09-06T00:00:00,Sambar Rice,Lunch
The overall quality was poor today.,2024-06-12T00:00:00,Fish Curry,Lunch
"Fresh and tasty, good job by the kitchen.",2024-08-25T00:00:00,Samosa,Dinner
"Really enjoyed the meal, it was delicious.",2025-10-17T00:00:00,Ice Cream,Lunch
The food tasted great today.,2026-01-25T00:00:00,Uggani,Dinner
Decent meal overall.,2025-03-15T00:00:00,Chicken Biryani,Dinner
"Amazing flavors, I loved the taste.",2024-08-07T00:00:00,Ice Cream,Breakfast
The meal was okay.,2025-08-14T00:00:00,Chicken Biryani,Snacks
Good quality and well cooked.,2024-11-29T00:00:00,Sambar Rice,Lunch
The food tasted great today.,2024-09-25T00:00:00,Chicken Biryani,Dinner
Portion size was perfect and taste was nice.,2025-02-01T00:00:00,Vada,Snacks
"It was fine, could be better.",2024-12-26T00:00:00,Ice Cream,Breakfast
The meal was light and refreshing.,2025-11-20T00:00:00,Bonda,Lunch
"Amazing flavors, I loved the taste.",2024-05-17T00:00:00,Paneer Curry,Breakfast
"Taste was average, nothing special.",2024-11-08T00:00:00,Samosa,Breakfast
Good quality and well cooked.,2025-12-11T00:00:00,Sambar Rice,Lunch
"Fresh and tasty, good job by the kitchen.",2025-09-02T00:00:00,Curd Rice,Dinner
"Fresh and tasty, good job by the kitchen.",2024-07-09T00:00:00,Curd Rice,Dinner
Portion size was perfect and taste was nice.,2024-06-19T00:00:00,Vada,Lunch
"Really enjoyed the meal, it was delicious.",2024-07-10T00:00:00,Vada,Snacks
Portion size was perfect and taste was nice.,2024-02-24T00:00:00,Samosa,Dinner
"Fresh and tasty, good job by the kitchen.",2024-05-19T00:00:00,Gulab Jamun,Breakfast
Decent meal overall.,2025-06-01T00:00:00,Chicken Biryani,Dinner
"Neither good nor bad, just normal.",2025-03-01T00:00:00,Vada,Dinner
"Really enjoyed the meal, it was delicious.",2024-03-25T00:00:00,Bonda,Dinner
Good quality and well cooked.,2024-02-03T00:00:00,Idli,Lunch
Portion size was perfect and taste was nice.,2024-10-22T00:00:00,Roti,Lunch
Portion size was perfect and taste was nice.,2026-01-30T00:00:00,Veg Curry,Dinner
Portion size was perfect and taste was nice.,2024-04-26T00:00:00,Vada,Breakfast
Portion size was perfect and taste was nice.,2026-02-13T00:00:00,Roti,Snacks
Portion size was perfect and taste was nice.,2024-08-11T00:00:00,Dosa,Dinner
"Taste was average, nothing special.",2024-10-31T00:00:00,Uggani,Breakfast
Good quality and well cooked.,2024-12-22T00:00:00,Dosa,Dinner
The meal was light and refreshing.,2024-04-30T00:00:00,Pongal,Dinner
The meal was light and refreshing.,2026-01-25T00:00:00,Veg Biryani,Lunch
"Really enjoyed the meal, it was delicious.",2025-09-22T00:00:00,Gulab Jamun,Dinner
The meal was light and refreshing.,2024-07-30T00:00:00,Curd Rice,Lunch
Portion size was perfect and taste was nice.,2024-10-14T00:00:00,Dosa,Snacks
Good quality and well cooked.,2025-12-21T00:00:00,Mutton Curry,Lunch
Decent meal overall.,2024-09-30T00:00:00,Paneer Curry,Snacks
"Really enjoyed the meal, it was delicious.",2026-02-07T00:00:00,Fish Curry,Breakfast
Good quality and well cooked.,2025-11-02T00:00:00,Uggani,Breakfast
"Taste was average, nothing special.",2024-05-29T00:00:00,Curd Rice,Lunch
"Neither good nor bad, just normal.",2025-05-16T00:00:00,Samosa,Lunch
"Amazing flavors, I loved the taste.",2025-02-28T00:00:00,Curd Rice,Snacks
The food tasted great today.,2025-10-10T00:00:00,Ice Cream,Dinner
Portion size was perfect and taste was nice.,2026-02-06T00:00:00,Pongal,Dinner
"Neither good nor bad, just normal.",2025-05-14T00:00:00,Roti,Snacks
The meal was light and refreshing.,2026-01-20T00:00:00,Samosa,Breakfast
"It was fine, could be better.",2024-03-05T00:00:00,Pongal,Dinner
"Really enjoyed the meal, it was delicious.",2025-03-15T00:00:00,Mutton Curry,Dinner
"It was fine, could be better.",2024-11-26T00:00:00,Chicken Biryani,Dinner
Portion size was perfect and taste was nice.,2025-08-14T00:00:00,Paneer Curry,Snacks
The meal was light and refreshing.,2024-12-17T00:00:00,Curd Rice,Dinner
The meal was okay.,2025-10-03T00:00:00,Dosa,Breakfast
The food tasted great today.,2024-06-10T00:00:00,Bonda,Breakfast
The food was served too cold.,2025-03-14T00:00:00,Bonda,Dinner
"Amazing flavors, I loved the taste.",2024-11-05T00:00:00,Chicken Biryani,Lunch
The food tasted great today.,2025-11-01T00:00:00,Veg Curry,Snacks
The food tasted great today.,2025-01-15T00:00:00,Gulab Jamun,Snacks
"Neither good nor bad, just normal.",2025-10-02T00:00:00,Veg Curry,Breakfast
"Neither good nor bad, just normal.",2025-11-02T00:00:00,Paneer Curry,Lunch
The food tasted great today.,2024-08-06T00:00:00,Pongal,Breakfast
"Really enjoyed the meal, it was delicious.",2025-08-30T00:00:00,Vada,Breakfast
The food tasted great today.,2024-01-09T00:00:00,Veg Biryani,Dinner
The meal was light and refreshing.,2025-03-08T00:00:00,Samosa,Breakfast
The food tasted great today.,2024-08-22T00:00:00,Curd Rice,Dinner
The meal was okay.,2024-04-15T00:00:00,Ice Cream,Breakfast
Good quality and well cooked.,2024-05-20T00:00:00,Samosa,Snacks
"Taste was average, nothing special.",2024-03-11T00:00:00,Ice Cream,Lunch
Decent meal overall.,2025-10-27T00:00:00,Fish Curry,Breakfast
Good quality and well cooked.,2026-01-09T00:00:00,Veg Curry,Dinner
"Neither good nor bad, just normal.",2025-09-22T00:00:00,Chicken Biryani,Lunch
The food tasted great today.,2024-04-12T00:00:00,Bonda,Lunch
Portion size was perfect and taste was nice.,2026-01-17T00:00:00,Curd Rice,Breakfast
"Fresh and tasty, good job by the kitchen.",2024-11-18T00:00:00,Ice Cream,Snacks
Good quality and well cooked.,2025-10-22T00:00:00,Curd Rice,Lunch
Decent meal overall.,2025-09-07T00:00:00,Pongal,Lunch
The meal was light and refreshing.,2025-11-05T00:00:00,Paneer Curry,Breakfast
Decent meal overall.,2025-09-13T00:00:00,Paneer Curry,Lunch
"Amazing flavors, I loved the taste.",2025-02-05T00:00:00,Fish Curry,Lunch
The meal was light and refreshing.,2024-09-02T00:00:00,Paneer Curry,Breakfast
The food tasted great today.,2024-09-03T00:00:00,Vada,Dinner
The roti was too hard.,2024-01-13T00:00:00,Vada,Breakfast
"Really enjoyed the meal, it was delicious.",2025-01-31T00:00:00,Gulab Jamun,Snacks
Portion size was perfect and taste was nice.,2025-11-30T00:00:00,Uggani,Snacks
The meal was okay.,2024-01-18T00:00:00,Veg Curry,Dinner
Good quality and well cooked.,2024-08-08T00:00:00,Pongal,Breakfast
"Neither good nor bad, just normal.",2025-06-02T00:00:00,Dosa,Breakfast
"Neither good nor bad, just normal.",2025-12-19T00:00:00,Paneer Curry,Dinner
Decent meal overall.,2025-07-04T00:00:00,Ice Cream,Breakfast
The food tasted great today.,2024-11-13T00:00:00,Curd Rice,Snacks
The meal was light and refreshing.,2024-06-08T00:00:00,Pongal,Lunch
"Fresh and tasty, good job by the kitchen.",2025-08-23T00:00:00,Mutton Curry,Snacks
"Neither good nor bad, just normal.",2026-01-17T00:00:00,Pongal,Snacks
"Really enjoyed the meal, it was delicious.",2024-03-29T00:00:00,Veg Biryani,Breakfast
"Fresh and tasty, good job by the kitchen.",2025-09-18T00:00:00,Uggani,Breakfast
"Amazing flavors, I loved the taste.",2026-01-29T00:00:00,Dosa,Snacks
The meal was okay.,2025-12-25T00:00:00,Veg Curry,Breakfast
"Really enjoyed the meal, it was delicious.",2025-05-23T00:00:00,Curd Rice,Breakfast
"Really enjoyed the meal, it was delicious.",2025-01-15T00:00:00,Gulab Jamun,Snacks
"Amazing flavors, I loved the taste.",2024-04-30T00:00:00,Curd Rice,Snacks
The side dish mentioned in the menu was missing.,2025-03-15T00:00:00,Idli,Snacks
The food tasted strange today.,2025-12-30T00:00:00,Roti,Breakfast
"Fresh and tasty, good job by the kitchen.",2025-06-07T00:00:00,Pongal,Dinner
"Fresh and tasty, good job by the kitchen.",2025-08-03T00:00:00,Gulab Jamun,Breakfast
"Really enjoyed the meal, it was delicious.",2024-09-18T00:00:00,Veg Curry,Snacks
"Taste was average, nothing special.",2026-01-28T00:00:00,Sambar Rice,Breakfast
The meal was okay.,2024-01-13T00:00:00,Fish Curry,Breakfast
"Neither good nor bad, just normal.",2025-01-07T00:00:00,Veg Biryani,Breakfast
"Really enjoyed the meal, it was delicious.",2024-02-06T00:00:00,Ice Cream,Lunch
"Really enjoyed the meal, it was delicious.",2024-11-25T00:00:00,Mutton Curry,Dinner
"It was fine, could be better.",2024-10-04T00:00:00,Veg Biryani,Dinner
The meal was okay.,2025-05-29T00:00:00,Pongal,Snacks
"Really enjoyed the meal, it was delicious.",2025-06-12T00:00:00,Dosa,Lunch
The food tasted great today.,2025-04-21T00:00:00,Dosa,Dinner
Good quality and well cooked.,2024-03-29T00:00:00,Paneer Curry,Snacks
The food tasted great today.,2025-01-12T00:00:00,Mutton Curry,Dinner
Portion size was perfect and taste was nice.,2024-11-07T00:00:00,Chicken Biryani,Snacks
Good quality and well cooked.,2025-08-28T00:00:00,Veg Biryani,Dinner
"Amazing flavors, I loved the taste.",2025-07-13T00:00:00,Vada,Lunch
The meal was okay.,2025-02-23T00:00:00,Veg Biryani,Lunch
Portion size was perfect and taste was nice.,2024-12-20T00:00:00,Idli,Lunch
The food tasted great today.,2026-02-16T00:00:00,Idli,Snacks
The meal was okay.,2024-07-29T00:00:00,Ice Cream,Snacks
"Neither good nor bad, just normal.",2025-05-18T00:00:00,Fish Curry,Lunch
"It was fine, could be better.",2024-04-05T00:00:00,Dosa,Lunch
The food was served very late.,2025-06-16T00:00:00,Dosa,Lunch
"Fresh and tasty, good job by the kitchen.",2026-02-04T00:00:00,Uggani,Snacks
Portion size was perfect and taste was nice.,2024-05-16T00:00:00,Pongal,Breakfast
The taste felt stale.,2025-08-04T00:00:00,Ice Cream,Breakfast
"Amazing flavors, I loved the taste.",2024-05-13T00:00:00,Dosa,Dinner
Good quality and well cooked.,2024-11-18T00:00:00,Veg Biryani,Snacks
Good quality and well cooked.,2025-04-08T00:00:00,Ice Cream,Snacks
The food tasted great today.,2024-07-26T00:00:00,Roti,Lunch
"Really enjoyed the meal, it was delicious.",2024-04-18T00:00:00,Curd Rice,Breakfast
"Fresh and tasty, good job by the kitchen.",2024-11-17T00:00:00,Veg Curry,Dinner
Portion size was perfect and taste was nice.,2025-01-01T00:00:00,Uggani,Breakfast
Good quality and well cooked.,2025-04-19T00:00:00,Chicken Biryani,Dinner
The food tasted great today.,2024-06-10T00:00:00,Roti,Breakfast
"Really enjoyed the meal, it was delicious.",2024-12-01T00:00:00,Paneer Curry,Breakfast
"Amazing flavors, I loved the taste.",2024-09-11T00:00:00,Curd Rice,Breakfast
Decent meal overall.,2024-02-20T00:00:00,Gulab Jamun,Dinner
"Taste was average, nothing special.",2024-02-01T00:00:00,Paneer Curry,Snacks
Decent meal overall.,2026-02-05T00:00:00,Ice Cream,Dinner
The meal was okay.,2025-04-18T00:00:00,Mutton Curry,Lunch
The meal was okay.,2024-01-13T00:00:00,Sambar Rice,Lunch
"Really enjoyed the meal, it was delicious.",2024-07-21T00:00:00,Dosa,Lunch
The meal was okay.,2025-08-19T00:00:00,Ice Cream,Snacks
The food tasted great today.,2024-03-07T00:00:00,Roti,Breakfast
"Taste was average, nothing special.",2024-04-04T00:00:00,Chicken Biryani,Dinner
The meal was cold and unpleasant.,2025-04-17T00:00:00,Samosa,Breakfast
Portion size was perfect and taste was nice.,2025-03-19T00:00:00,Dosa,Lunch
The meal was okay.,2025-01-26T00:00:00,Ice Cream,Dinner
"It was fine, could be better.",2024-08-07T00:00:00,Uggani,Lunch
Good quality and well cooked.,2025-04-01T00:00:00,Veg Curry,Snacks
Portion size was perfect and taste was nice.,2025-09-26T00:00:00,Curd Rice,Breakfast
"Neither good nor bad, just normal.",2025-02-25T00:00:00,Veg Biryani,Snacks
The food tasted great today.,2024-03-30T00:00:00,Mutton Curry,Dinner
"Taste was average, nothing special.",2025-03-05T00:00:00,Roti,Dinner
"Amazing flavors, I loved the taste.",2025-07-10T00:00:00,Chicken Biryani,Lunch
"It was fine, could be better.",2025-05-06T00:00:00,Idli,Dinner
Good quality and well cooked.,2025-08-02T00:00:00,Mutton Curry,Dinner
"Fresh and tasty, good job by the kitchen.",2024-10-03T00:00:00,Fish Curry,Snacks
Good quality and well cooked.,2025-09-03T00:00:00,Veg Curry,Breakfast
The food was served very late.,2024-10-14T00:00:00,Veg Biryani,Breakfast
Decent meal overall.,2025-01-01T00:00:00,Dosa,Dinner
The meal was okay.,2024-09-10T00:00:00,Veg Biryani,Lunch
Portion size was perfect and taste was nice.,2026-01-24T00:00:00,Veg Biryani,Snacks
Decent meal overall.,2025-02-01T00:00:00,Dosa,Lunch
"Really enjoyed the meal, it was delicious.",2024-08-30T00:00:00,Gulab Jamun,Lunch
Portion size was perfect and taste was nice.,2024-01-29T00:00:00,Samosa,Snacks
Portion size was perfect and taste was nice.,2024-07-11T00:00:00,Gulab Jamun,Lunch
The meal was not salty enough.,2025-05-17T00:00:00,Vada,Snacks
The food tasted great today.,2024-08-26T00:00:00,Dosa,Breakfast
Portion size was perfect and taste was nice.,2025-05-04T00:00:00,Veg Biryani,Breakfast
Portion size was perfect and taste was nice.,2024-07-25T00:00:00,Idli,Snacks
"Taste was average, nothing special.",2024-11-27T00:00:00,Curd Rice,Snacks
"Really enjoyed the meal, it was delicious.",2025-08-23T00:00:00,Dosa,Breakfast
The meal was light and refreshing.,2025-06-22T00:00:00,Curd Rice,Breakfast
Good quality and well cooked.,2025-12-22T00:00:00,Gulab Jamun,Breakfast
Good quality and well cooked.,2024-11-05T00:00:00,Ice Cream,Breakfast
"Really enjoyed the meal, it was delicious.",2026-01-19T00:00:00,Samosa,Lunch
The quality was inconsistent this week.,2024-11-20T00:00:00,Uggani,Dinner
"Really enjoyed the meal, it was delicious.",2025-11-12T00:00:00,Veg Curry,Snacks
Good quality and well cooked.,2026-01-21T00:00:00,Veg Curry,Dinner
"Really enjoyed the meal, it was delicious.",2026-01-16T00:00:00,Paneer Curry,Lunch
The meal was light and refreshing.,2025-08-04T00:00:00,Idli,Dinner
Decent meal overall.,2024-11-21T00:00:00,Dosa,Lunch
The texture of the dish was not good.,2024-05-24T00:00:00,Veg Biryani,Breakfast
"Really enjoyed the meal, it was delicious.",2024-12-21T00:00:00,Samosa,Breakfast
"Amazing flavors, I loved the taste.",2024-03-31T00:00:00,Samosa,Lunch
The food tasted great today.,2024-09-28T00:00:00,Samosa,Dinner
"Amazing flavors, I loved the taste.",2024-03-10T00:00:00,Chicken Biryani,Lunch
The meal was okay.,2026-01-07T00:00:00,Gulab Jamun,Snacks
"Fresh and tasty, good job by the kitchen.",2025-03-24T00:00:00,Idli,Breakfast
The food was served very late.,2025-02-27T00:00:00,Uggani,Lunch
"It was fine, could be better.",2025-07-13T00:00:00,Vada,Dinner
"Neither good nor bad, just normal.",2025-08-14T00:00:00,Ice Cream,Breakfast
"Neither good nor bad, just normal.",2024-03-16T00:00:00,Veg Biryani,Lunch
The food tasted great today.,2024-11-22T00:00:00,Dosa,Snacks
The meal was okay.,2024-12-16T00:00:00,Roti,Breakfast
The meal was not salty enough.,2026-01-19T00:00:00,Veg Curry,Dinner
Good quality and well cooked.,2025-08-31T00:00:00,Pongal,Breakfast
"Fresh and tasty, good job by the kitchen.",2025-10-31T00:00:00,Vada,Breakfast
"Really enjoyed the meal, it was delicious.",2024-02-24T00:00:00,Veg Curry,Dinner
"Taste was average, nothing special.",2024-07-13T00:00:00,Sambar Rice,Snacks
"It was fine, could be better.",2024-10-31T00:00:00,Uggani,Snacks
The meal was okay.,2025-02-06T00:00:00,Veg Biryani,Breakfast
"Taste was average, nothing special.",2024-02-25T00:00:00,Mutton Curry,Dinner
"Neither good nor bad, just normal.",2024-03-30T00:00:00,Gulab Jamun,Breakfast
"Really enjoyed the meal, it was delicious.",2024-04-09T00:00:00,Paneer Curry,Dinner
"Really enjoyed the meal, it was delicious.",2025-10-15T00:00:00,Idli,Lunch
"Neither good nor bad, just normal.",2024-04-28T00:00:00,Paneer Curry,Breakfast
"Fresh and tasty, good job by the kitchen.",2025-05-15T00:00:00,Paneer Curry,Dinner
Decent meal overall.,2025-01-31T00:00:00,Roti,Breakfast
"Fresh and tasty, good job by the kitchen.",2025-01-13T00:00:00,Veg Curry,Snacks
The meal was okay.,2024-09-26T00:00:00,Veg Curry,Dinner
"It was fine, could be better.",2024-08-19T00:00:00,Bonda,Dinner
"Really enjoyed the meal, it was delicious.",2026-02-09T00:00:00,Roti,Breakfast
"Amazing flavors, I loved the taste.",2024-12-18T00:00:00,Sambar Rice,Breakfast
The meal was light and refreshing.,2025-08-26T00:00:00,Mutton Curry,Dinner
The meal was light and refreshing.,2025-01-31T00:00:00,Veg Biryani,Breakfast
Portion size was perfect and taste was nice.,2025-12-04T00:00:00,Fish Curry,Dinner
"Fresh and tasty, good job by the kitchen.",2024-11-02T00:00:00,Vada,Lunch
The meal was light and refreshing.,2026-01-01T00:00:00,Pongal,Dinner
The food tasted great today.,2026-02-14T00:00:00,Dosa,Lunch
"Taste was average, nothing special.",2024-08-04T00:00:00,Bonda,Lunch
The food tasted great today.,2025-03-09T00:00:00,Chicken Biryani,Lunch
"Really enjoyed the meal, it was delicious.",2025-10-04T00:00:00,Pongal,Dinner
Good quality and well cooked.,2026-01-14T00:00:00,Curd Rice,Snacks
"Fresh and tasty, good job by the kitchen.",2025-07-23T00:00:00,Pongal,Breakfast
"It was fine, could be better.",2025-06-16T00:00:00,Ice Cream,Snacks
The meal was light and refreshing.,2025-12-18T00:00:00,Bonda,Breakfast
The meal was okay.,2025-02-28T00:00:00,Fish Curry,Dinner
Portion size was perfect and taste was nice.,2025-08-25T00:00:00,Curd Rice,Lunch
Portion size was perfect and taste was nice.,2024-04-13T00:00:00,Sambar Rice,Breakfast
"Fresh and tasty, good job by the kitchen.",2024-09-27T00:00:00,Paneer Curry,Snacks
Portion size was perfect and taste was nice.,2025-09-15T00:00:00,Ice Cream,Dinner
"Really enjoyed the meal, it was delicious.",2024-10-09T00:00:00,Vada,Breakfast
Portion size was perfect and taste was nice.,2025-09-15T00:00:00,Ice Cream,Lunch
"Fresh and tasty, good job by the kitchen.",2024-12-05T00:00:00,Ice Cream,Breakfast
"Amazing flavors, I loved the taste.",2025-05-01T00:00:00,Veg Biryani,Breakfast
The food tasted great today.,2024-12-11T00:00:00,Roti,Snacks
"It was fine, could be better.",2025-05-18T00:00:00,Paneer Curry,Snacks
"Taste was average, nothing special.",2024-11-03T00:00:00,Sambar Rice,Lunch
"It was fine, could be better.",2026-01-16T00:00:00,Bonda,Snacks
"Taste was average, nothing special.",2025-03-28T00:00:00,Uggani,Breakfast
The serving was not sufficient.,2025-05-11T00:00:00,Chicken Biryani,Dinner
The meal was okay.,2025-06-11T00:00:00,Fish Curry,Snacks
Good quality and well cooked.,2025-12-27T00:00:00,Veg Curry,Breakfast
"Really enjoyed the meal, it was delicious.",2025-06-20T00:00:00,Fish Curry,Dinner
"Really enjoyed the meal, it was delicious.",2024-07-24T00:00:00,Idli,Lunch
The food tasted great today.,2025-04-12T00:00:00,Dosa,Lunch
"Amazing flavors, I loved the taste.",2024-07-22T00:00:00,Dosa,Snacks
"Neither good nor bad, just normal.",2025-06-01T00:00:00,Roti,Snacks
"Amazing flavors, I loved the taste.",2024-02-01T00:00:00,Ice Cream,Breakfast
"Neither good nor bad, just normal.",2025-08-31T00:00:00,Veg Biryani,Snacks
The meal was light and refreshing.,2025-04-30T00:00:00,Bonda,Lunch
"It was fine, could be better.",2024-06-16T00:00:00,Mutton Curry,Snacks
Good quality and well cooked.,2024-01-29T00:00:00,Roti,Breakfast
"Really enjoyed the meal, it was delicious.",2025-08-08T00:00:00,Ice Cream,Breakfast
"Amazing flavors, I loved the taste.",2024-08-18T00:00:00,Chicken Biryani,Lunch
"Neither good nor bad, just normal.",2025-06-09T00:00:00,Chicken Biryani,Snacks
"Neither good nor bad, just normal.",2024-05-15T00:00:00,Idli,Breakfast
"Really enjoyed the meal, it was delicious.",2024-09-15T00:00:00,Veg Curry,Breakfast
"Fresh and tasty, good job by the kitchen.",2025-01-20T00:00:00,Paneer Curry,Snacks
Good quality and well cooked.,2024-08-11T00:00:00,Gulab Jamun,Dinner
"Amazing flavors, I loved the taste.",2025-06-17T00:00:00,Bonda,Snacks
The food tasted great today.,2025-06-07T00:00:00,Ice Cream,Breakfast
Good quality and well cooked.,2025-12-01T00:00:00,Gulab Jamun,Snacks
The food tasted great today.,2024-12-10T00:00:00,Sambar Rice,Dinner
The meal was light and refreshing.,2024-10-10T00:00:00,Roti,Snacks
"Really enjoyed the meal, it was delicious.",2024-06-02T00:00:00,Roti,Snacks
The food tasted great today.,2025-09-06T00:00:00,Fish Curry,Lunch
"Amazing flavors, I loved the taste.",2024-05-23T00:00:00,Ice Cream,Snacks
"It was fine, could be better.",2024-09-22T00:00:00,Idli,Dinner
"Fresh and tasty, good job by the kitchen.",2026-01-24T00:00:00,Uggani,Dinner
"It was fine, could be better.",2026-01-13T00:00:00,Dosa,Lunch
"It was fine, could be better.",2025-06-03T00:00:00,Veg Biryani,Dinner
Decent meal overall.,2024-07-04T00:00:00,Paneer Curry,Lunch
"Fresh and tasty, good job by the kitchen.",2024-05-11T00:00:00,Paneer Curry,Breakfast
"It was fine, could be better.",2025-11-01T00:00:00,Roti,Lunch
The food felt heavy and greasy.,2024-08-16T00:00:00,Pongal,Lunch
The meal was light and refreshing.,2024-12-05T00:00:00,Paneer Curry,Dinner
Portion size was perfect and taste was nice.,2024-10-28T00:00:00,Gulab Jamun,Snacks
"Neither good nor bad, just normal.",2024-02-24T00:00:00,Bonda,Breakfast
The food was served very late.,2024-07-18T00:00:00,Pongal,Dinner
The meal was light and refreshing.,2025-11-28T00:00:00,Fish Curry,Breakfast
"Fresh and tasty, good job by the kitchen.",2024-02-25T00:00:00,Ice Cream,Snacks
"Really enjoyed the meal, it was delicious.",2024-12-16T00:00:00,Curd Rice,Lunch
"Really enjoyed the meal, it was delicious.",2024-11-19T00:00:00,Uggani,Dinner
"Fresh and tasty, good job by the kitchen.",2024-12-06T00:00:00,Veg Curry,Breakfast
"Amazing flavors, I loved the taste.",2024-02-29T00:00:00,Veg Curry,Snacks
Good quality and well cooked.,2024-08-02T00:00:00,Idli,Dinner
"Fresh and tasty, good job by the kitchen.",2026-02-20T00:00:00,Veg Curry,Lunch
Decent meal overall.,2025-03-20T00:00:00,Pongal,Lunch
"Neither good nor bad, just normal.",2025-05-03T00:00:00,Uggani,Dinner
The food tasted great today.,2025-06-30T00:00:00,Ice Cream,Breakfast
The food tasted great today.,2024-11-25T00:00:00,Chicken Biryani,Snacks
The food tasted great today.,2025-11-23T00:00:00,Fish Curry,Lunch
"Really enjoyed the meal, it was delicious.",2025-12-11T00:00:00,Idli,Lunch
"Taste was average, nothing special.",2024-04-15T00:00:00,Gulab Jamun,Snacks
"Really enjoyed the meal, it was delicious.",2024-03-07T00:00:00,Ice Cream,Snacks
Good quality and well cooked.,2025-04-11T00:00:00,Dosa,Snacks
"Fresh and tasty, good job by the kitchen.",2025-12-04T00:00:00,Fish Curry,Snacks
"Neither good nor bad, just normal.",2025-01-02T00:00:00,Curd Rice,Snacks
"Neither good nor bad, just normal.",2024-01-20T00:00:00,Chicken Biryani,Lunch
"Amazing flavors, I loved the taste.",2024-05-14T00:00:00,Veg Biryani,Lunch
Decent meal overall.,2025-05-31T00:00:00,Chicken Biryani,Breakfast
Good quality and well cooked.,2025-12-29T00:00:00,Veg Curry,Breakfast
"Amazing flavors, I loved the taste.",2024-09-18T00:00:00,Dosa,Dinner
Portion size was perfect and taste was nice.,2024-02-19T00:00:00,Mutton Curry,Breakfast
The food tasted great today.,2025-12-07T00:00:00,Sambar Rice,Breakfast
"Fresh and tasty, good job by the kitchen.",2025-01-24T00:00:00,Sambar Rice,Dinner
"Fresh and tasty, good job by the kitchen.",2025-12-19T00:00:00,Sambar Rice,Snacks
"Amazing flavors, I loved the taste.",2025-12-03T00:00:00,Curd Rice,Lunch
"Neither good nor bad, just normal.",2025-11-08T00:00:00,Idli,Snacks
Portion size was perfect and taste was nice.,2025-09-12T00:00:00,Sambar Rice,Snacks
The meal was light and refreshing.,2024-04-17T00:00:00,Curd Rice,Dinner
Good quality and well cooked.,2024-04-26T00:00:00,Fish Curry,Breakfast
"Really enjoyed the meal, it was delicious.",2025-09-15T00:00:00,Sambar Rice,Dinner
The meal was light and refreshing.,2025-06-19T00:00:00,Chicken Biryani,Snacks
"Amazing flavors, I loved the taste.",2025-02-23T00:00:00,Chicken Biryani,Snacks
The food tasted great today.,2025-07-15T00:00:00,Paneer Curry,Lunch
"Amazing flavors, I loved the taste.",2025-05-07T00:00:00,Vada,Lunch
The meal was okay.,2024-01-14T00:00:00,Samosa,Lunch
The meal was light and refreshing.,2025-08-10T00:00:00,Pongal,Breakfast
The food tasted great today.,2025-06-07T00:00:00,Vada,Lunch
Good quality and well cooked.,2025-10-21T00:00:00,Pongal,Breakfast
Good quality and well cooked.,2024-09-27T00:00:00,Veg Biryani,Dinner
The food tasted great today.,2024-06-27T00:00:00,Bonda,Breakfast
Good quality and well cooked.,2025-11-24T00:00:00,Dosa,Snacks
"Amazing flavors, I loved the taste.",2024-04-28T00:00:00,Samosa,Dinner
The meal was okay.,2024-05-21T00:00:00,Sambar Rice,Breakfast
Good quality and well cooked.,2025-03-24T00:00:00,Veg Curry,Snacks
Good quality and well cooked.,2024-12-16T00:00:00,Roti,Breakfast
"Fresh and tasty, good job by the kitchen.",2025-02-13T00:00:00,Veg Curry,Breakfast
The meal was light and refreshing.,2025-01-29T00:00:00,Bonda,Snacks
"Taste was average, nothing special.",2024-04-25T00:00:00,Vada,Dinner
The meal was light and refreshing.,2024-06-12T00:00:00,Curd Rice,Breakfast
Portion size was perfect and taste was nice.,2025-05-09T00:00:00,Sambar Rice,Dinner
Portion size was perfect and taste was nice.,2025-01-23T00:00:00,Bonda,Lunch
The meal was light and refreshing.,2025-12-01T00:00:00,Gulab Jamun,Breakfast
"Neither good nor bad, just normal.",2024-04-25T00:00:00,Curd Rice,Dinner
The food tasted great today.,2024-03-05T00:00:00,Uggani,Dinner
The meal was okay.,2025-12-22T00:00:00,Roti,Snacks
"Amazing flavors, I loved the taste.",2024-12-12T00:00:00,Fish Curry,Lunch
"Fresh and tasty, good job by the kitchen.",2025-11-08T00:00:00,Fish Curry,Breakfast
Good quality and well cooked.,2025-11-10T00:00:00,Veg Biryani,Dinner
The meal was light and refreshing.,2025-07-25T00:00:00,Ice Cream,Lunch
"Taste was average, nothing special.",2025-06-01T00:00:00,Dosa,Breakfast
"Taste was average, nothing special.",2024-03-17T00:00:00,Vada,Dinner
"Taste was average, nothing special.",2024-12-04T00:00:00,Vada,Snacks
Decent meal overall.,2024-08-16T00:00:00,Roti,Breakfast
"Neither good nor bad, just normal.",2024-08-28T00:00:00,Mutton Curry,Dinner
"Fresh and tasty, good job by the kitchen.",2025-08-09T00:00:00,Pongal,Dinner
The meal was light and refreshing.,2025-05-25T00:00:00,Bonda,Breakfast
The meal was okay.,2025-05-24T00:00:00,Bonda,Snacks
"Fresh and tasty, good job by the kitchen.",2025-02-26T00:00:00,Idli,Breakfast
The meal was light and refreshing.,2024-04-03T00:00:00,Dosa,Breakfast
"Amazing flavors, I loved the taste.",2025-11-18T00:00:00,Paneer Curry,Lunch
Good quality and well cooked.,2024-02-25T00:00:00,Bonda,Snacks
Good quality and well cooked.,2025-07-27T00:00:00,Veg Biryani,Dinner
"Neither good nor bad, just normal.",2024-04-26T00:00:00,Vada,Snacks
The food tasted great today.,2024-12-15T00:00:00,Sambar Rice,Lunch
Portion size was perfect and taste was nice.,2025-06-18T00:00:00,Gulab Jamun,Snacks
The food tasted great today.,2024-06-17T00:00:00,Gulab Jamun,Breakfast
The meal was light and refreshing.,2026-01-04T00:00:00,Vada,Lunch
Good quality and well cooked.,2025-09-17T00:00:00,Uggani,Breakfast
The meal was okay.,2025-02-06T00:00:00,Chicken Biryani,Lunch
The meal was light and refreshing.,2024-07-14T00:00:00,Chicken Biryani,Dinner
The meal was light and refreshing.,2025-02-28T00:00:00,Samosa,Breakfast
"Neither good nor bad, just normal.",2025-04-13T00:00:00,Dosa,Breakfast
"Fresh and tasty, good job by the kitchen.",2024-01-05T00:00:00,Fish Curry,Lunch
Portion size was perfect and taste was nice.,2025-03-19T00:00:00,Fish Curry,Breakfast
"Amazing flavors, I loved the taste.",2025-08-15T00:00:00,Vada,Lunch
The food tasted great today.,2025-01-31T00:00:00,Veg Curry,Lunch
"Fresh and tasty, good job by the kitchen.",2025-09-15T00:00:00,Samosa,Dinner
"Fresh and tasty, good job by the kitchen.",2024-12-17T00:00:00,Veg Biryani,Snacks
"Taste was average, nothing special.",2024-05-21T00:00:00,Paneer Curry,Dinner
The meal was light and refreshing.,2025-12-19T00:00:00,Uggani,Snacks
"Amazing flavors, I loved the taste.",2026-01-24T00:00:00,Mutton Curry,Snacks
"Really enjoyed the meal, it was delicious.",2024-08-02T00:00:00,Mutton Curry,Lunch
"Amazing flavors, I loved the taste.",2024-05-15T00:00:00,Paneer Curry,Snacks
The meal was okay.,2026-02-18T00:00:00,Veg Curry,Snacks
Portion size was perfect and taste was nice.,2025-08-07T00:00:00,Gulab Jamun,Dinner
The meal was light and refreshing.,2025-03-08T00:00:00,Uggani,Snacks
The food tasted great today.,2025-01-25T00:00:00,Idli,Breakfast
"Amazing flavors, I loved the taste.",2024-02-27T00:00:00,Curd Rice,Breakfast
"Taste was average, nothing special.",2024-10-20T00:00:00,Chicken Biryani,Snacks
The meal was light and refreshing.,2024-03-04T00:00:00,Roti,Lunch
Decent meal overall.,2024-02-03T00:00:00,Paneer Curry,Lunch
The food tasted great today.,2025-09-22T00:00:00,Gulab Jamun,Dinner
"Amazing flavors, I loved the taste.",2025-10-24T00:00:00,Mutton Curry,Lunch
"Really enjoyed the meal, it was delicious.",2025-06-07T00:00:00,Mutton Curry,Dinner
"Neither good nor bad, just normal.",2025-01-31T00:00:00,Paneer Curry,Breakfast
Portion size was perfect and taste was nice.,2024-02-25T00:00:00,Uggani,Snacks
"Really enjoyed the meal, it was delicious.",2025-09-27T00:00:00,Idli,Snacks
"It was fine, could be better.",2026-02-12T00:00:00,Bonda,Lunch
"Taste was average, nothing special.",2024-10-28T00:00:00,Mutton Curry,Lunch
"Amazing flavors, I loved the taste.",2024-03-17T00:00:00,Bonda,Lunch
"Amazing flavors, I loved the taste.",2025-06-10T00:00:00,Veg Curry,Lunch
The food tasted great today.,2025-03-14T00:00:00,Sambar Rice,Dinner
"Really enjoyed the meal, it was delicious.",2024-06-13T00:00:00,Roti,Snacks
Good quality and well cooked.,2025-04-22T00:00:00,Roti,Breakfast
"Really enjoyed the meal, it was delicious.",2024-11-26T00:00:00,Curd Rice,Breakfast
"Fresh and tasty, good job by the kitchen.",2025-08-09T00:00:00,Dosa,Snacks
The meal was okay.,2025-12-25T00:00:00,Mutton Curry,Snacks
"Really enjoyed the meal, it was delicious.",2025-06-17T00:00:00,Samosa,Lunch
"Fresh and tasty, good job by the kitchen.",2025-07-10T00:00:00,Pongal,Lunch
The meal was okay.,2024-12-23T00:00:00,Mutton Curry,Dinner
"It was fine, could be better.",2024-12-05T00:00:00,Veg Biryani,Lunch
"Really enjoyed the meal, it was delicious.",2026-02-09T00:00:00,Gulab Jamun,Snacks
Portion size was perfect and taste was nice.,2026-02-09T00:00:00,Fish Curry,Dinner
"Amazing flavors, I loved the taste.",2024-12-20T00:00:00,Idli,Breakfast
"Amazing flavors, I loved the taste.",2025-09-20T00:00:00,Bonda,Lunch
"Amazing flavors, I loved the taste.",2024-11-24T00:00:00,Veg Biryani,Breakfast
"Fresh and tasty, good job by the kitchen.",2024-09-19T00:00:00,Ice Cream,Breakfast
The food tasted great today.,2025-06-13T00:00:00,Mutton Curry,Snacks
"Neither good nor bad, just normal.",2024-02-14T00:00:00,Gulab Jamun,Dinner
Good quality and well cooked.,2025-06-10T00:00:00,Paneer Curry,Lunch
"Really enjoyed the meal, it was delicious.",2025-07-04T00:00:00,Pongal,Breakfast
The quality was inconsistent this week.,2024-03-08T00:00:00,Mutton Curry,Breakfast
The service was delayed and the food got cold.,2025-12-02T00:00:00,Chicken Biryani,Lunch
"Really enjoyed the meal, it was delicious.",2025-07-04T00:00:00,Uggani,Breakfast
"Taste was average, nothing special.",2024-01-25T00:00:00,Uggani,Breakfast
The food tasted great today.,2024-03-30T00:00:00,Bonda,Snacks
"Taste was average, nothing special.",2024-09-14T00:00:00,Pongal,Breakfast
Portion size was perfect and taste was nice.,2024-08-21T00:00:00,Mutton Curry,Breakfast
"Fresh and tasty, good job by the kitchen.",2025-04-06T00:00:00,Roti,Dinner
"It was fine, could be better.",2024-01-18T00:00:00,Ice Cream,Dinner
The overall quality was poor today.,2024-01-07T00:00:00,Ice Cream,Breakfast
"Amazing flavors, I loved the taste.",2024-03-15T00:00:00,Pongal,Breakfast
Good quality and well cooked.,2025-12-03T00:00:00,Gulab Jamun,Breakfast
Good quality and well cooked.,2026-02-22T00:00:00,Paneer Curry,Breakfast
"Fresh and tasty, good job by the kitchen.",2025-11-07T00:00:00,Bonda,Dinner
"Really enjoyed the meal, it was delicious.",2025-06-30T00:00:00,Idli,Dinner
"Amazing flavors, I loved the taste.",2025-02-04T00:00:00,Veg Biryani,Lunch
"Amazing flavors, I loved the taste.",2024-05-27T00:00:00,Mutton Curry,Snacks
The food tasted great today.,2025-07-20T00:00:00,Paneer Curry,Snacks
The meal was okay.,2024-02-12T00:00:00,Mutton Curry,Lunch
Portion size was perfect and taste was nice.,2025-07-14T00:00:00,Idli,Dinner
"Really enjoyed the meal, it was delicious.",2026-02-05T00:00:00,Pongal,Snacks
"Fresh and tasty, good job by the kitchen.",2025-10-23T00:00:00,Gulab Jamun,Lunch
"Taste was average, nothing special.",2024-07-07T00:00:00,Fish Curry,Lunch
"Really enjoyed the meal, it was delicious.",2024-04-27T00:00:00,Veg Biryani,Snacks
The meal was light and refreshing.,2026-02-08T00:00:00,Veg Curry,Breakfast
"Amazing flavors, I loved the taste.",2025-07-16T00:00:00,Mutton Curry,Dinner
The meal was okay.,2024-09-13T00:00:00,Pongal,Snacks
Decent meal overall.,2025-05-13T00:00:00,Sambar Rice,Lunch
"Taste was average, nothing special.",2025-11-18T00:00:00,Samosa,Snacks
"It was fine, could be better.",2025-09-26T00:00:00,Veg Biryani,Breakfast
"It was fine, could be better.",2025-05-12T00:00:00,Pongal,Lunch
Decent meal overall.,2025-11-06T00:00:00,Bonda,Snacks
Portion size was perfect and taste was nice.,2025-08-03T00:00:00,Paneer Curry,Lunch
"Neither good nor bad, just normal.",2024-06-21T00:00:00,Gulab Jamun,Snacks
"Really enjoyed the meal, it was delicious.",2024-08-14T00:00:00,Idli,Snacks
The meal was light and refreshing.,2025-01-03T00:00:00,Uggani,Snacks
"Neither good nor bad, just normal.",2025-04-18T00:00:00,Curd Rice,Snacks
The meal was missing an important ingredient.,2024-11-08T00:00:00,Bonda,Snacks
"Really enjoyed the meal, it was delicious.",2025-10-23T00:00:00,Vada,Breakfast
"Taste was average, nothing special.",2025-07-05T00:00:00,Pongal,Snacks
The meal was okay.,2026-01-14T00:00:00,Chicken Biryani,Snacks
The meal was light and refreshing.,2025-06-03T00:00:00,Pongal,Breakfast
The meal was light and refreshing.,2025-08-27T00:00:00,Idli,Dinner
Portion size was perfect and taste was nice.,2024-09-23T00:00:00,Chicken Biryani,Breakfast
"Amazing flavors, I loved the taste.",2024-06-01T00:00:00,Mutton Curry,Dinner
"Taste was average, nothing special.",2025-08-26T00:00:00,Gulab Jamun,Dinner
"Fresh and tasty, good job by the kitchen.",2025-05-28T00:00:00,Paneer Curry,Lunch
"Neither good nor bad, just normal.",2025-01-07T00:00:00,Fish Curry,Breakfast
"Taste was average, nothing special.",2025-09-20T00:00:00,Fish Curry,Breakfast
"Fresh and tasty, good job by the kitchen.",2024-06-12T00:00:00,Veg Curry,Lunch
"Amazing flavors, I loved the taste.",2026-01-19T00:00:00,Veg Curry,Lunch
The food tasted great today.,2024-08-12T00:00:00,Vada,Snacks
The food tasted great today.,2024-09-27T00:00:00,Vada,Lunch
The food tasted great today.,2025-11-15T00:00:00,Gulab Jamun,Lunch
"Fresh and tasty, good job by the kitchen.",2025-04-25T00:00:00,Chicken Biryani,Snacks
The food tasted great today.,2025-10-26T00:00:00,Bonda,Breakfast
Decent meal overall.,2025-10-10T00:00:00,Samosa,Breakfast
Decent meal overall.,2025-07-11T00:00:00,Roti,Snacks
"Neither good nor bad, just normal.",2025-01-09T00:00:00,Veg Curry,Dinner
"Fresh and tasty, good job by the kitchen.",2024-08-16T00:00:00,Pongal,Snacks
Good quality and well cooked.,2024-12-19T00:00:00,Fish Curry,Dinner
Portion size was perfect and taste was nice.,2024-01-07T00:00:00,Vada,Dinner
"Fresh and tasty, good job by the kitchen.",2024-06-18T00:00:00,Fish Curry,Lunch
Portion size was perfect and taste was nice.,2025-10-20T00:00:00,Veg Biryani,Breakfast
"Really enjoyed the meal, it was delicious.",2024-07-10T00:00:00,Roti,Lunch
Portion size was perfect and taste was nice.,2026-01-04T00:00:00,Veg Curry,Snacks
"Fresh and tasty, good job by the kitchen.",2024-12-04T00:00:00,Sambar Rice,Lunch
"Amazing flavors, I loved the taste.",2025-05-05T00:00:00,Sambar Rice,Dinner
Portion size was perfect and taste was nice.,2024-06-14T00:00:00,Vada,Lunch
"Really enjoyed the meal, it was delicious.",2024-02-14T00:00:00,Uggani,Breakfast
"Really enjoyed the meal, it was delicious.",2025-10-06T00:00:00,Curd Rice,Lunch
The food was served very late.,2025-08-09T00:00:00,Fish Curry,Breakfast
"Really enjoyed the meal, it was delicious.",2024-09-21T00:00:00,Curd Rice,Breakfast
Portion size was perfect and taste was nice.,2025-07-31T00:00:00,Veg Curry,Dinner
The food tasted great today.,2024-08-09T00:00:00,Idli,Snacks
The meal was light and refreshing.,2025-05-08T00:00:00,Bonda,Dinner
The meal was light and refreshing.,2025-02-24T00:00:00,Veg Curry,Lunch
Portion size was perfect and taste was nice.,2025-11-06T00:00:00,Curd Rice,Lunch
"Really enjoyed the meal, it was delicious.",2026-01-11T00:00:00,Fish Curry,Snacks
Decent meal overall.,2025-08-27T00:00:00,Samosa,Dinner
"Fresh and tasty, good job by the kitchen.",2025-01-29T00:00:00,Pongal,Lunch
The meal was okay.,2024-07-26T00:00:00,Curd Rice,Breakfast
The meal was light and refreshing.,2024-06-02T00:00:00,Fish Curry,Dinner
"Fresh and tasty, good job by the kitchen.",2025-09-21T00:00:00,Sambar Rice,Lunch
The food tasted great today.,2025-05-08T00:00:00,Dosa,Breakfast
The meal was light and refreshing.,2025-11-25T00:00:00,Curd Rice,Breakfast
Good quality and well cooked.,2024-02-14T00:00:00,Uggani,Dinner
"Taste was average, nothing special.",2025-05-08T00:00:00,Fish Curry,Dinner
Portion size was perfect and taste was nice.,2026-01-29T00:00:00,Ice Cream,Snacks
"Really enjoyed the meal, it was delicious.",2024-09-17T00:00:00,Sambar Rice,Dinner
The meal was light and refreshing.,2024-03-26T00:00:00,Vada,Lunch
Good quality and well cooked.,2024-07-12T00:00:00,Paneer Curry,Dinner
Portion size was perfect and taste was nice.,2025-06-19T00:00:00,Idli,Breakfast
"Fresh and tasty, good job by the kitchen.",2025-11-01T00:00:00,Sambar Rice,Breakfast
"Fresh and tasty, good job by the kitchen.",2025-01-05T00:00:00,Chicken Biryani,Snacks
"Fresh and tasty, good job by the kitchen.",2025-10-29T00:00:00,Sambar Rice,Lunch
The service was delayed and the food got cold.,2025-07-02T00:00:00,Roti,Snacks
Portion size was perfect and taste was nice.,2024-10-09T00:00:00,Uggani,Snacks
"Fresh and tasty, good job by the kitchen.",2025-07-19T00:00:00,Ice Cream,Lunch
"Taste was average, nothing special.",2025-01-14T00:00:00,Mutton Curry,Dinner
Good quality and well cooked.,2024-11-10T00:00:00,Mutton Curry,Dinner
"Amazing flavors, I loved the taste.",2024-05-21T00:00:00,Gulab Jamun,Dinner
"Fresh and tasty, good job by the kitchen.",2025-12-17T00:00:00,Sambar Rice,Lunch
"Really enjoyed the meal, it was delicious.",2025-06-04T00:00:00,Veg Curry,Breakfast
The meal was light and refreshing.,2025-07-17T00:00:00,Ice Cream,Snacks
"Neither good nor bad, just normal.",2025-10-13T00:00:00,Dosa,Lunch
The meal was light and refreshing.,2024-05-28T00:00:00,Idli,Breakfast
The meal was okay.,2024-03-06T00:00:00,Vada,Dinner
"It was fine, could be better.",2024-03-22T00:00:00,Roti,Lunch
"Fresh and tasty, good job by the kitchen.",2025-09-20T00:00:00,Dosa,Dinner
"Amazing flavors, I loved the taste.",2025-09-03T00:00:00,Fish Curry,Snacks
"Amazing flavors, I loved the taste.",2025-05-21T00:00:00,Dosa,Lunch
"Really enjoyed the meal, it was delicious.",2025-11-03T00:00:00,Bonda,Breakfast
"Really enjoyed the meal, it was delicious.",2024-02-04T00:00:00,Fish Curry,Snacks
Portion size was perfect and taste was nice.,2024-06-22T00:00:00,Fish Curry,Lunch
"Really enjoyed the meal, it was delicious.",2025-11-01T00:00:00,Dosa,Snacks
The food tasted great today.,2024-10-09T00:00:00,Idli,Lunch
"Amazing flavors, I loved the taste.",2025-02-08T00:00:00,Ice Cream,Snacks
Portion size was perfect and taste was nice.,2024-01-16T00:00:00,Ice Cream,Lunch
Decent meal overall.,2024-10-18T00:00:00,Pongal,Breakfast
"It was fine, could be better.",2024-10-10T00:00:00,Mutton Curry,Snacks
"Fresh and tasty, good job by the kitchen.",2025-02-17T00:00:00,Veg Biryani,Lunch
"Taste was average, nothing special.",2025-02-20T00:00:00,Idli,Snacks
The overall quality was poor today.,2024-03-15T00:00:00,Fish Curry,Breakfast
Good quality and well cooked.,2024-04-29T00:00:00,Fish Curry,Snacks
Portion size was perfect and taste was nice.,2025-08-11T00:00:00,Fish Curry,Snacks
"Fresh and tasty, good job by the kitchen.",2025-07-30T00:00:00,Roti,Dinner
The meal was light and refreshing.,2024-12-13T00:00:00,Vada,Lunch
The food was served very late.,2025-08-23T00:00:00,Bonda,Dinner
The meal was okay.,2024-09-21T00:00:00,Idli,Dinner
"Amazing flavors, I loved the taste.",2024-08-13T00:00:00,Pongal,Dinner
"Neither good nor bad, just normal.",2024-12-27T00:00:00,Veg Biryani,Snacks
"Amazing flavors, I loved the taste.",2024-09-26T00:00:00,Fish Curry,Breakfast
The food tasted great today.,2025-02-12T00:00:00,Veg Biryani,Snacks
Portion size was perfect and taste was nice.,2024-07-01T00:00:00,Samosa,Breakfast
"It was fine, could be better.",2024-08-11T00:00:00,Vada,Snacks
"Taste was average, nothing special.",2025-05-25T00:00:00,Roti,Lunch
"Amazing flavors, I loved the taste.",2024-09-04T00:00:00,Chicken Biryani,Lunch
"Really enjoyed the meal, it was delicious.",2024-07-26T00:00:00,Roti,Lunch
"Really enjoyed the meal, it was delicious.",2024-04-19T00:00:00,Veg Biryani,Snacks
"Neither good nor bad, just normal.",2025-09-20T00:00:00,Sambar Rice,Breakfast
The meal was light and refreshing.,2025-05-08T00:00:00,Idli,Breakfast
"Fresh and tasty, good job by the kitchen.",2025-08-11T00:00:00,Gulab Jamun,Snacks
"Taste was average, nothing special.",2026-02-21T00:00:00,Roti,Dinner
"Fresh and tasty, good job by the kitchen.",2024-08-15T00:00:00,Fish Curry,Snacks
Portion size was perfect and taste was nice.,2025-03-09T00:00:00,Curd Rice,Breakfast
Decent meal overall.,2024-12-21T00:00:00,Vada,Breakfast
The vegetables were overcooked and mushy.,2024-05-03T00:00:00,Ice Cream,Lunch
"It was fine, could be better.",2025-12-06T00:00:00,Fish Curry,Dinner
"Amazing flavors, I loved the taste.",2024-08-03T00:00:00,Idli,Breakfast
"It was fine, could be better.",2025-01-05T00:00:00,Ice Cream,Breakfast
Portion size was perfect and taste was nice.,2024-09-26T00:00:00,Roti,Lunch
"Fresh and tasty, good job by the kitchen.",2025-09-19T00:00:00,Veg Biryani,Snacks
"Taste was average, nothing special.",2025-05-25T00:00:00,Samosa,Snacks
"Fresh and tasty, good job by the kitchen.",2025-12-18T00:00:00,Uggani,Lunch
The meal was light and refreshing.,2025-02-14T00:00:00,Gulab Jamun,Snacks
"Really enjoyed the meal, it was delicious.",2025-08-08T00:00:00,Roti,Dinner
The meal was light and refreshing.,2024-04-12T00:00:00,Curd Rice,Lunch
Portion size was perfect and taste was nice.,2025-03-18T00:00:00,Roti,Lunch
"Really enjoyed the meal, it was delicious.",2026-01-26T00:00:00,Ice Cream,Lunch
The side dish mentioned in the menu was missing.,2024-01-10T00:00:00,Curd Rice,Dinner
The texture of the dish was not good.,2024-05-17T00:00:00,Veg Curry,Dinner
The meal was light and refreshing.,2025-05-13T00:00:00,Fish Curry,Snacks
Portion size was perfect and taste was nice.,2025-08-04T00:00:00,Paneer Curry,Snacks
The food tasted great today.,2025-12-08T00:00:00,Dosa,Dinner
"Really enjoyed the meal, it was delicious.",2024-09-17T00:00:00,Veg Curry,Breakfast
"Fresh and tasty, good job by the kitchen.",2026-02-01T00:00:00,Vada,Breakfast
"It was fine, could be better.",2025-01-03T00:00:00,Samosa,Snacks
Good quality and well cooked.,2024-01-21T00:00:00,Mutton Curry,Snacks
Good quality and well cooked.,2025-11-26T00:00:00,Uggani,Breakfast
"It was fine, could be better.",2024-12-29T00:00:00,Chicken Biryani,Lunch
"Neither good nor bad, just normal.",2024-03-21T00:00:00,Samosa,Dinner
"Fresh and tasty, good job by the kitchen.",2025-10-08T00:00:00,Ice Cream,Snacks
"Amazing flavors, I loved the taste.",2024-12-11T00:00:00,Curd Rice,Lunch
The meal was light and refreshing.,2024-03-14T00:00:00,Uggani,Dinner
Good quality and well cooked.,2024-08-21T00:00:00,Pongal,Lunch
"Amazing flavors, I loved the taste.",2024-10-25T00:00:00,Samosa,Snacks
"It was fine, could be better.",2025-03-31T00:00:00,Roti,Dinner
"Fresh and tasty, good job by the kitchen.",2024-06-20T00:00:00,Gulab Jamun,Dinner
"Really enjoyed the meal, it was delicious.",2026-01-15T00:00:00,Veg Curry,Breakfast
The meal was okay.,2024-08-03T00:00:00,Veg Biryani,Snacks
The food tasted great today.,2024-04-07T00:00:00,Veg Curry,Dinner
Decent meal overall.,2024-02-25T00:00:00,Pongal,Dinner
Portion size was perfect and taste was nice.,2026-02-22T00:00:00,Idli,Dinner
Good quality and well cooked.,2025-09-24T00:00:00,Pongal,Breakfast
"Amazing flavors, I loved the taste.",2025-02-03T00:00:00,Curd Rice,Breakfast
"Really enjoyed the meal, it was delicious.",2026-01-25T00:00:00,Paneer Curry,Lunch
"Amazing flavors, I loved the taste.",2024-05-09T00:00:00,Paneer Curry,Dinner
The food tasted great today.,2024-02-05T00:00:00,Curd Rice,Lunch
The meal was light and refreshing.,2025-05-02T00:00:00,Gulab Jamun,Snacks
Portion size was perfect and taste was nice.,2025-03-31T00:00:00,Bonda,Snacks
Portion size was perfect and taste was nice.,2025-09-03T00:00:00,Curd Rice,Lunch
Decent meal overall.,2025-10-17T00:00:00,Bonda,Dinner
Good quality and well cooked.,2025-05-08T00:00:00,Mutton Curry,Snacks
The meal was light and refreshing.,2024-04-01T00:00:00,Mutton Curry,Lunch
"It was fine, could be better.",2025-02-26T00:00:00,Bonda,Snacks
Good quality and well cooked.,2024-01-11T00:00:00,Roti,Lunch
Good quality and well cooked.,2024-10-20T00:00:00,Idli,Lunch
"Amazing flavors, I loved the taste.",2025-05-18T00:00:00,Vada,Breakfast
The food tasted great today.,2026-02-23T00:00:00,Vada,Snacks
Decent meal overall.,2024-08-24T00:00:00,Uggani,Snacks
"Really enjoyed the meal, it was delicious.",2025-02-25T00:00:00,Idli,Snacks
The food was not cooked properly.,2024-09-12T00:00:00,Mutton Curry,Dinner
The meal was light and refreshing.,2025-01-22T00:00:00,Veg Curry,Dinner
The food tasted great today.,2025-03-08T00:00:00,Veg Biryani,Snacks
The food was too oily.,2025-10-26T00:00:00,Veg Biryani,Snacks
"Neither good nor bad, just normal.",2024-07-11T00:00:00,Mutton Curry,Snacks
"Really enjoyed the meal, it was delicious.",2024-10-23T00:00:00,Pongal,Lunch
Decent meal overall.,2025-04-08T00:00:00,Sambar Rice,Dinner
"Really enjoyed the meal, it was delicious.",2024-11-24T00:00:00,Roti,Dinner
The food tasted great today.,2025-07-01T00:00:00,Idli,Lunch
The food tasted great today.,2024-10-15T00:00:00,Idli,Lunch
The quantity was not enough.,2025-03-24T00:00:00,Roti,Lunch
The food tasted great today.,2024-06-03T00:00:00,Idli,Lunch
"Taste was average, nothing special.",2024-12-16T00:00:00,Idli,Dinner
"Neither good nor bad, just normal.",2025-01-15T00:00:00,Uggani,Snacks
Good quality and well cooked.,2024-03-23T00:00:00,Bonda,Breakfast
Good quality and well cooked.,2025-02-05T00:00:00,Curd Rice,Breakfast
"Really enjoyed the meal, it was delicious.",2024-07-15T00:00:00,Pongal,Dinner
The meal was light and refreshing.,2024-01-13T00:00:00,Roti,Dinner
"Neither good nor bad, just normal.",2025-03-29T00:00:00,Sambar Rice,Lunch
"Taste was average, nothing special.",2025-04-16T00:00:00,Veg Biryani,Breakfast
"Fresh and tasty, good job by the kitchen.",2025-02-02T00:00:00,Sambar Rice,Lunch
"Really enjoyed the meal, it was delicious.",2025-10-06T00:00:00,Paneer Curry,Snacks
"It was fine, could be better.",2025-05-07T00:00:00,Dosa,Breakfast
Good quality and well cooked.,2024-02-23T00:00:00,Paneer Curry,Lunch
"Taste was average, nothing special.",2025-10-10T00:00:00,Chicken Biryani,Breakfast
The food tasted great today.,2024-06-20T00:00:00,Uggani,Snacks
"Fresh and tasty, good job by the kitchen.",2024-09-05T00:00:00,Roti,Breakfast
Portion size was perfect and taste was nice.,2025-12-08T00:00:00,Idli,Breakfast
Good quality and well cooked.,2024-04-01T00:00:00,Vada,Lunch
"Neither good nor bad, just normal.",2024-04-03T00:00:00,Veg Biryani,Lunch
The food tasted great today.,2024-12-30T00:00:00,Samosa,Breakfast
"Really enjoyed the meal, it was delicious.",2025-05-14T00:00:00,Curd Rice,Breakfast
Portion size was perfect and taste was nice.,2025-10-22T00:00:00,Veg Biryani,Snacks
"Taste was average, nothing special.",2024-01-22T00:00:00,Gulab Jamun,Dinner
"Taste was average, nothing special.",2024-09-13T00:00:00,Ice Cream,Snacks
"Amazing flavors, I loved the taste.",2025-03-24T00:00:00,Dosa,Dinner
Portion size was perfect and taste was nice.,2025-12-14T00:00:00,Mutton Curry,Snacks
Portion size was perfect and taste was nice.,2024-07-10T00:00:00,Vada,Lunch
Good quality and well cooked.,2026-01-19T00:00:00,Mutton Curry,Snacks
The meal was light and refreshing.,2025-09-05T00:00:00,Bonda,Snacks
The meal was okay.,2025-06-27T00:00:00,Mutton Curry,Lunch
Good quality and well cooked.,2024-09-26T00:00:00,Curd Rice,Dinner
"Fresh and tasty, good job by the kitchen.",2024-01-01T00:00:00,Mutton Curry,Snacks
The serving was not sufficient.,2024-07-08T00:00:00,Fish Curry,Dinner
The meal was light and refreshing.,2025-09-27T00:00:00,Idli,Snacks
The serving was not sufficient.,2024-03-05T00:00:00,Veg Biryani,Snacks
"Really enjoyed the meal, it was delicious.",2025-06-20T00:00:00,Mutton Curry,Dinner
Portion size was perfect and taste was nice.,2024-10-16T00:00:00,Vada,Lunch
"It was fine, could be better.",2024-04-23T00:00:00,Samosa,Dinner
The meal was okay.,2024-05-12T00:00:00,Sambar Rice,Breakfast
"Taste was average, nothing special.",2024-04-19T00:00:00,Veg Curry,Breakfast
The food tasted great today.,2024-02-02T00:00:00,Vada,Lunch
Decent meal overall.,2025-09-30T00:00:00,Ice Cream,Dinner
Good quality and well cooked.,2024-08-14T00:00:00,Roti,Breakfast
"Really enjoyed the meal, it was delicious.",2025-11-02T00:00:00,Pongal,Breakfast
"Fresh and tasty, good job by the kitchen.",2025-10-16T00:00:00,Vada,Breakfast
Decent meal overall.,2026-01-31T00:00:00,Dosa,Snacks
The meal was light and refreshing.,2025-12-26T00:00:00,Uggani,Snacks
Portion size was perfect and taste was nice.,2024-02-11T00:00:00,Dosa,Snacks
The food was too hot and overcooked.,2024-08-09T00:00:00,Pongal,Snacks
The food tasted great today.,2026-01-12T00:00:00,Fish Curry,Breakfast
"Really enjoyed the meal, it was delicious.",2024-07-16T00:00:00,Veg Biryani,Dinner
Portion size was perfect and taste was nice.,2025-10-02T00:00:00,Fish Curry,Lunch
"Amazing flavors, I loved the taste.",2024-04-18T00:00:00,Veg Curry,Dinner
"Amazing flavors, I loved the taste.",2025-11-12T00:00:00,Gulab Jamun,Dinner
"Taste was average, nothing special.",2024-07-03T00:00:00,Uggani,Breakfast
Portion size was perfect and taste was nice.,2024-12-11T00:00:00,Mutton Curry,Dinner
"It was fine, could be better.",2024-11-18T00:00:00,Veg Curry,Dinner
"It was fine, could be better.",2025-02-26T00:00:00,Mutton Curry,Snacks
Portion size was perfect and taste was nice.,2024-09-03T00:00:00,Uggani,Snacks
"Fresh and tasty, good job by the kitchen.",2026-02-23T00:00:00,Mutton Curry,Lunch
Good quality and well cooked.,2025-04-08T00:00:00,Mutton Curry,Snacks
The meal was okay.,2026-01-13T00:00:00,Bonda,Dinner
Portion size was perfect and taste was nice.,2024-01-17T00:00:00,Dosa,Snacks
Good quality and well cooked.,2024-01-07T00:00:00,Fish Curry,Lunch
"Really enjoyed the meal, it was delicious.",2024-11-18T00:00:00,Paneer Curry,Lunch
Portion size was perfect and taste was nice.,2025-06-07T00:00:00,Idli,Snacks
The food tasted great today.,2024-02-08T00:00:00,Mutton Curry,Lunch
"Really enjoyed the meal, it was delicious.",2024-05-21T00:00:00,Bonda,Snacks
Decent meal overall.,2024-09-12T00:00:00,Roti,Snacks
The meal was light and refreshing.,2024-11-03T00:00:00,Veg Biryani,Snacks
Decent meal overall.,2024-08-10T00:00:00,Pongal,Dinner
The side dish mentioned in the menu was missing.,2025-05-09T00:00:00,Pongal,Snacks
Decent meal overall.,2024-04-07T00:00:00,Veg Curry,Dinner
"Amazing flavors, I loved the taste.",2025-08-13T00:00:00,Paneer Curry,Breakfast
The meal was light and refreshing.,2024-02-27T00:00:00,Ice Cream,Breakfast
"Neither good nor bad, just normal.",2025-03-02T00:00:00,Samosa,Snacks
"Amazing flavors, I loved the taste.",2025-10-30T00:00:00,Sambar Rice,Lunch
The meal was okay.,2024-11-08T00:00:00,Idli,Dinner
"It was fine, could be better.",2025-07-06T00:00:00,Fish Curry,Breakfast
The roti was too hard.,2025-12-15T00:00:00,Curd Rice,Snacks
The food tasted great today.,2025-11-20T00:00:00,Veg Biryani,Lunch
The meal was light and refreshing.,2025-09-01T00:00:00,Ice Cream,Dinner
"Really enjoyed the meal, it was delicious.",2025-03-18T00:00:00,Fish Curry,Breakfast
"Taste was average, nothing special.",2024-05-15T00:00:00,Paneer Curry,Dinner
"Neither good nor bad, just normal.",2025-08-08T00:00:00,Samosa,Breakfast
"It was fine, could be better.",2024-03-28T00:00:00,Dosa,Dinner
The meal was light and refreshing.,2025-12-15T00:00:00,Ice Cream,Dinner
"Fresh and tasty, good job by the kitchen.",2025-07-26T00:00:00,Curd Rice,Lunch
"Fresh and tasty, good job by the kitchen.",2025-10-29T00:00:00,Chicken Biryani,Dinner
"Really enjoyed the meal, it was delicious.",2024-03-14T00:00:00,Chicken Biryani,Lunch
Good quality and well cooked.,2025-12-02T00:00:00,Roti,Dinner
"Amazing flavors, I loved the taste.",2025-02-27T00:00:00,Pongal,Breakfast
Good quality and well cooked.,2024-07-14T00:00:00,Uggani,Snacks
Portion size was perfect and taste was nice.,2025-11-02T00:00:00,Samosa,Snacks
"Really enjoyed the meal, it was delicious.",2024-12-24T00:00:00,Idli,Snacks
The vegetables were overcooked and mushy.,2024-02-15T00:00:00,Bonda,Lunch
"Amazing flavors, I loved the taste.",2025-01-17T00:00:00,Veg Biryani,Lunch
The food tasted great today.,2026-01-27T00:00:00,Curd Rice,Breakfast
Portion size was perfect and taste was nice.,2024-05-31T00:00:00,Dosa,Lunch
"It was fine, could be better.",2025-12-11T00:00:00,Paneer Curry,Breakfast
"Fresh and tasty, good job by the kitchen.",2025-04-27T00:00:00,Sambar Rice,Snacks
"Really enjoyed the meal, it was delicious.",2026-01-27T00:00:00,Idli,Snacks
"Really enjoyed the meal, it was delicious.",2025-07-13T00:00:00,Mutton Curry,Lunch
Portion size was perfect and taste was nice.,2025-05-09T00:00:00,Fish Curry,Snacks
"Fresh and tasty, good job by the kitchen.",2025-08-19T00:00:00,Curd Rice,Breakfast
"It was fine, could be better.",2024-06-23T00:00:00,Fish Curry,Breakfast
"Really enjoyed the meal, it was delicious.",2025-12-14T00:00:00,Dosa,Snacks
"Fresh and tasty, good job by the kitchen.",2025-11-01T00:00:00,Roti,Breakfast
"Neither good nor bad, just normal.",2025-11-07T00:00:00,Idli,Breakfast
The meal was light and refreshing.,2024-04-20T00:00:00,Roti,Snacks
The meal was light and refreshing.,2025-10-26T00:00:00,Idli,Snacks
"Fresh and tasty, good job by the kitchen.",2025-06-04T00:00:00,Ice Cream,Lunch
"Fresh and tasty, good job by the kitchen.",2025-09-03T00:00:00,Sambar Rice,Snacks
The meal was not salty enough.,2024-07-22T00:00:00,Mutton Curry,Breakfast
The overall quality was poor today.,2025-12-30T00:00:00,Fish Curry,Dinner
"Really enjoyed the meal, it was delicious.",2025-06-26T00:00:00,Idli,Breakfast
"Fresh and tasty, good job by the kitchen.",2025-02-06T00:00:00,Paneer Curry,Snacks
Good quality and well cooked.,2025-12-01T00:00:00,Veg Curry,Breakfast
"Amazing flavors, I loved the taste.",2024-11-05T00:00:00,Gulab Jamun,Snacks
The meal was okay.,2025-10-02T00:00:00,Veg Biryani,Snacks
The meal was okay.,2025-07-22T00:00:00,Roti,Dinner
"Really enjoyed the meal, it was delicious.",2024-12-15T00:00:00,Roti,Lunch
The food tasted great today.,2026-01-17T00:00:00,Ice Cream,Lunch
"Fresh and tasty, good job by the kitchen.",2024-09-03T00:00:00,Ice Cream,Lunch
Good quality and well cooked.,2025-09-11T00:00:00,Curd Rice,Dinner
Portion size was perfect and taste was nice.,2024-05-14T00:00:00,Samosa,Dinner
Portion size was perfect and taste was nice.,2025-07-08T00:00:00,Chicken Biryani,Lunch
"It was fine, could be better.",2025-12-06T00:00:00,Chicken Biryani,Lunch
The rice was undercooked.,2026-02-27T00:00:00,Fish Curry,Lunch
Good quality and well cooked.,2024-03-10T00:00:00,Curd Rice,Lunch
"Really enjoyed the meal, it was delicious.",2024-11-21T00:00:00,Mutton Curry,Breakfast
"It was fine, could be better.",2025-02-27T00:00:00,Curd Rice,Breakfast
"Fresh and tasty, good job by the kitchen.",2026-02-02T00:00:00,Uggani,Snacks
The meal was light and refreshing.,2024-07-11T00:00:00,Roti,Lunch
"Really enjoyed the meal, it was delicious.",2024-01-27T00:00:00,Sambar Rice,Lunch
Portion size was perfect and taste was nice.,2024-08-25T00:00:00,Roti,Lunch
Good quality and well cooked.,2024-03-22T00:00:00,Veg Biryani,Breakfast
Portion size was perfect and taste was nice.,2025-09-11T00:00:00,Vada,Lunch
"Really enjoyed the meal, it was delicious.",2025-01-31T00:00:00,Vada,Snacks
"Really enjoyed the meal, it was delicious.",2024-06-16T00:00:00,Vada,Dinner
The food tasted great today.,2025-02-22T00:00:00,Chicken Biryani,Lunch
"Fresh and tasty, good job by the kitchen.",2024-08-15T00:00:00,Idli,Snacks
The food tasted great today.,2024-06-30T00:00:00,Chicken Biryani,Lunch
"Amazing flavors, I loved the taste.",2024-11-28T00:00:00,Bonda,Dinner
"Fresh and tasty, good job by the kitchen.",2025-02-18T00:00:00,Bonda,Lunch
"Amazing flavors, I loved the taste.",2024-11-16T00:00:00,Dosa,Dinner
Portion size was perfect and taste was nice.,2024-04-21T00:00:00,Ice Cream,Breakfast
The meal was light and refreshing.,2024-02-13T00:00:00,Bonda,Dinner
"Amazing flavors, I loved the taste.",2024-02-10T00:00:00,Veg Biryani,Dinner
Decent meal overall.,2026-02-22T00:00:00,Mutton Curry,Dinner
Good quality and well cooked.,2025-03-26T00:00:00,Dosa,Lunch
The meal was light and refreshing.,2024-10-19T00:00:00,Ice Cream,Snacks
"Neither good nor bad, just normal.",2024-10-28T00:00:00,Bonda,Lunch
"Neither good nor bad, just normal.",2025-10-23T00:00:00,Dosa,Lunch
Decent meal overall.,2024-04-25T00:00:00,Bonda,Breakfast
"Neither good nor bad, just normal.",2025-02-27T00:00:00,Veg Curry,Lunch
The food tasted great today.,2024-07-02T00:00:00,Samosa,Dinner
"Fresh and tasty, good job by the kitchen.",2024-04-02T00:00:00,Bonda,Lunch
"Taste was average, nothing special.",2026-01-05T00:00:00,Roti,Snacks
The food tasted great today.,2025-12-24T00:00:00,Sambar Rice,Breakfast
The food tasted great today.,2025-06-20T00:00:00,Bonda,Snacks
"Fresh and tasty, good job by the kitchen.",2025-07-17T00:00:00,Ice Cream,Lunch
"Taste was average, nothing special.",2024-12-09T00:00:00,Ice Cream,Breakfast
The meal was light and refreshing.,2024-05-28T00:00:00,Curd Rice,Lunch
"Fresh and tasty, good job by the kitchen.",2024-11-11T00:00:00,Veg Curry,Breakfast
"It was fine, could be better.",2025-10-03T00:00:00,Paneer Curry,Dinner
The food was served very late.,2024-05-14T00:00:00,Veg Curry,Breakfast
Decent meal overall.,2026-02-22T00:00:00,Chicken Biryani,Breakfast
"Fresh and tasty, good job by the kitchen.",2025-05-24T00:00:00,Roti,Breakfast
Portion size was perfect and taste was nice.,2025-05-20T00:00:00,Vada,Breakfast
The taste felt stale.,2025-11-06T00:00:00,Veg Biryani,Lunch
"Fresh and tasty, good job by the kitchen.",2025-03-28T00:00:00,Vada,Dinner
"Really enjoyed the meal, it was delicious.",2025-07-14T00:00:00,Pongal,Breakfast
The food tasted great today.,2024-07-08T00:00:00,Roti,Lunch
"It was fine, could be better.",2024-02-07T00:00:00,Curd Rice,Breakfast
"Amazing flavors, I loved the taste.",2025-08-14T00:00:00,Curd Rice,Breakfast
The food tasted great today.,2024-02-20T00:00:00,Paneer Curry,Snacks
"Taste was average, nothing special.",2024-06-14T00:00:00,Sambar Rice,Dinner
"Fresh and tasty, good job by the kitchen.",2026-02-06T00:00:00,Paneer Curry,Lunch
The meal was okay.,2026-02-25T00:00:00,Gulab Jamun,Breakfast
Good quality and well cooked.,2025-01-23T00:00:00,Paneer Curry,Snacks
The meal was light and refreshing.,2025-07-17T00:00:00,Pongal,Dinner
"Fresh and tasty, good job by the kitchen.",2024-05-17T00:00:00,Pongal,Snacks
The curry had too much oil floating on top.,2025-06-23T00:00:00,Sambar Rice,Snacks
"Amazing flavors, I loved the taste.",2024-08-02T00:00:00,Uggani,Lunch
Decent meal overall.,2026-01-17T00:00:00,Dosa,Breakfast
"Fresh and tasty, good job by the kitchen.",2026-01-11T00:00:00,Fish Curry,Breakfast
Portion size was perfect and taste was nice.,2024-11-20T00:00:00,Paneer Curry,Dinner
"Really enjoyed the meal, it was delicious.",2025-09-21T00:00:00,Roti,Snacks
"Fresh and tasty, good job by the kitchen.",2024-07-03T00:00:00,Vada,Dinner
"Really enjoyed the meal, it was delicious.",2024-01-02T00:00:00,Veg Biryani,Snacks
"Fresh and tasty, good job by the kitchen.",2025-10-02T00:00:00,Sambar Rice,Breakfast
The meal was light and refreshing.,2025-09-22T00:00:00,Sambar Rice,Lunch
The food tasted great today.,2024-12-07T00:00:00,Uggani,Dinner
The food tasted great today.,2025-10-17T00:00:00,Gulab Jamun,Lunch
Good quality and well cooked.,2024-03-10T00:00:00,Chicken Biryani,Snacks
Portion size was perfect and taste was nice.,2025-07-17T00:00:00,Paneer Curry,Snacks
The food tasted great today.,2025-12-03T00:00:00,Samosa,Breakfast
"Neither good nor bad, just normal.",2026-01-11T00:00:00,Samosa,Snacks
"Really enjoyed the meal, it was delicious.",2024-12-04T00:00:00,Idli,Lunch
The texture of the dish was not good.,2024-02-06T00:00:00,Samosa,Dinner
"Really enjoyed the meal, it was delicious.",2025-10-04T00:00:00,Curd Rice,Dinner
"Fresh and tasty, good job by the kitchen.",2025-02-27T00:00:00,Bonda,Snacks
Portion size was perfect and taste was nice.,2026-01-12T00:00:00,Dosa,Snacks
"Really enjoyed the meal, it was delicious.",2025-08-14T00:00:00,Samosa,Breakfast
The meal was okay.,2024-06-01T00:00:00,Samosa,Snacks
Good quality and well cooked.,2025-01-19T00:00:00,Roti,Breakfast
The taste felt stale.,2025-09-12T00:00:00,Mutton Curry,Lunch
Decent meal overall.,2024-04-29T00:00:00,Ice Cream,Lunch
"Amazing flavors, I loved the taste.",2024-02-02T00:00:00,Paneer Curry,Snacks
The food tasted great today.,2025-05-23T00:00:00,Roti,Dinner
The vegetables were overcooked and mushy.,2024-11-05T00:00:00,Veg Biryani,Snacks
"Really enjoyed the meal, it was delicious.",2024-04-24T00:00:00,Chicken Biryani,Snacks
The meal was light and refreshing.,2024-07-25T00:00:00,Gulab Jamun,Breakfast
Decent meal overall.,2024-01-26T00:00:00,Pongal,Dinner
"Really enjoyed the meal, it was delicious.",2024-12-14T00:00:00,Vada,Lunch
The meal was missing an important ingredient.,2024-12-01T00:00:00,Vada,Snacks
The meal was light and refreshing.,2025-06-12T00:00:00,Curd Rice,Breakfast
The meal was okay.,2025-04-15T00:00:00,Curd Rice,Lunch
The food tasted great today.,2024-11-14T00:00:00,Ice Cream,Breakfast
Good quality and well cooked.,2025-04-23T00:00:00,Dosa,Breakfast
Portion size was perfect and taste was nice.,2026-02-23T00:00:00,Dosa,Breakfast
Portion size was perfect and taste was nice.,2026-02-15T00:00:00,Paneer Curry,Breakfast
"It was fine, could be better.",2024-07-24T00:00:00,Paneer Curry,Lunch
"It was fine, could be better.",2025-06-29T00:00:00,Chicken Biryani,Snacks
"Amazing flavors, I loved the taste.",2024-04-30T00:00:00,Samosa,Dinner
"Really enjoyed the meal, it was delicious.",2024-10-07T00:00:00,Roti,Lunch
Portion size was perfect and taste was nice.,2025-07-27T00:00:00,Sambar Rice,Breakfast
"Taste was average, nothing special.",2025-07-09T00:00:00,Fish Curry,Breakfast
Good quality and well cooked.,2024-05-24T00:00:00,Gulab Jamun,Snacks
"Really enjoyed the meal, it was delicious.",2024-03-13T00:00:00,Paneer Curry,Lunch
Portion size was perfect and taste was nice.,2025-03-30T00:00:00,Paneer Curry,Snacks
The food tasted great today.,2025-04-27T00:00:00,Dosa,Lunch
"Fresh and tasty, good job by the kitchen.",2024-02-25T00:00:00,Dosa,Breakfast
"Neither good nor bad, just normal.",2024-07-02T00:00:00,Pongal,Dinner
Good quality and well cooked.,2024-12-06T00:00:00,Bonda,Snacks
The meal was light and refreshing.,2026-02-21T00:00:00,Chicken Biryani,Breakfast
The food tasted great today.,2025-12-16T00:00:00,Bonda,Lunch
"Fresh and tasty, good job by the kitchen.",2024-11-13T00:00:00,Bonda,Breakfast
"Taste was average, nothing special.",2024-08-17T00:00:00,Bonda,Dinner
"It was fine, could be better.",2025-02-05T00:00:00,Curd Rice,Snacks
The meal was light and refreshing.,2024-11-28T00:00:00,Veg Curry,Snacks
The food tasted great today.,2024-03-07T00:00:00,Bonda,Dinner
Good quality and well cooked.,2025-05-05T00:00:00,Vada,Breakfast
Good quality and well cooked.,2026-02-25T00:00:00,Bonda,Lunch
Portion size was perfect and taste was nice.,2024-04-15T00:00:00,Gulab Jamun,Lunch
Good quality and well cooked.,2025-07-23T00:00:00,Ice Cream,Breakfast
Decent meal overall.,2025-04-17T00:00:00,Pongal,Snacks
"Taste was average, nothing special.",2025-09-27T00:00:00,Ice Cream,Dinner
"Neither good nor bad, just normal.",2025-01-28T00:00:00,Veg Biryani,Lunch
"Taste was average, nothing special.",2025-12-11T00:00:00,Pongal,Snacks
Portion size was perfect and taste was nice.,2024-12-16T00:00:00,Uggani,Dinner
"Really enjoyed the meal, it was delicious.",2025-11-09T00:00:00,Mutton Curry,Lunch
The meal was okay.,2025-08-29T00:00:00,Pongal,Dinner
Decent meal overall.,2024-04-09T00:00:00,Bonda,Snacks
Good quality and well cooked.,2025-02-19T00:00:00,Bonda,Lunch
"Amazing flavors, I loved the taste.",2025-09-02T00:00:00,Pongal,Breakfast
"Neither good nor bad, just normal.",2025-10-22T00:00:00,Ice Cream,Snacks
The food was too spicy.,2024-05-22T00:00:00,Dosa,Breakfast
"Amazing flavors, I loved the taste.",2024-06-01T00:00:00,Idli,Lunch
The food was not cooked properly.,2025-09-22T00:00:00,Bonda,Snacks
"Really enjoyed the meal, it was delicious.",2025-11-28T00:00:00,Bonda,Lunch
Portion size was perfect and taste was nice.,2025-11-26T00:00:00,Samosa,Snacks
The quantity was not enough.,2024-12-18T00:00:00,Paneer Curry,Dinner
Portion size was perfect and taste was nice.,2025-06-06T00:00:00,Pongal,Breakfast
The meal was light and refreshing.,2024-10-28T00:00:00,Ice Cream,Lunch
Portion size was perfect and taste was nice.,2024-02-24T00:00:00,Dosa,Snacks
The food tasted great today.,2024-10-15T00:00:00,Idli,Snacks
"Fresh and tasty, good job by the kitchen.",2025-12-20T00:00:00,Idli,Lunch
"Amazing flavors, I loved the taste.",2025-01-26T00:00:00,Ice Cream,Snacks
"Fresh and tasty, good job by the kitchen.",2025-07-12T00:00:00,Ice Cream,Dinner
"Fresh and tasty, good job by the kitchen.",2024-05-22T00:00:00,Chicken Biryani,Lunch
The gravy was missing today.,2025-01-03T00:00:00,Chicken Biryani,Dinner
"It was fine, could be better.",2025-11-17T00:00:00,Uggani,Lunch
The meal was okay.,2024-03-14T00:00:00,Curd Rice,Lunch
"Amazing flavors, I loved the taste.",2025-05-13T00:00:00,Idli,Lunch
The meal was okay.,2024-05-20T00:00:00,Uggani,Lunch
The meal was light and refreshing.,2025-12-13T00:00:00,Uggani,Dinner
The vegetables were overcooked and mushy.,2025-06-05T00:00:00,Uggani,Lunch
"Fresh and tasty, good job by the kitchen.",2024-12-29T00:00:00,Uggani,Dinner
The rice was undercooked.,2025-09-11T00:00:00,Veg Biryani,Lunch
The meal was light and refreshing.,2026-01-18T00:00:00,Idli,Dinner
"Fresh and tasty, good job by the kitchen.",2025-07-13T00:00:00,Veg Biryani,Snacks
The food tasted great today.,2025-08-04T00:00:00,Gulab Jamun,Breakfast
The meal was okay.,2025-08-17T00:00:00,Vada,Snacks
"Really enjoyed the meal, it was delicious.",2026-01-17T00:00:00,Vada,Breakfast
"Neither good nor bad, just normal.",2025-06-13T00:00:00,Fish Curry,Snacks
"Really enjoyed the meal, it was delicious.",2025-04-28T00:00:00,Pongal,Breakfast
Portion size was perfect and taste was nice.,2024-02-24T00:00:00,Pongal,Snacks
"Fresh and tasty, good job by the kitchen.",2025-04-09T00:00:00,Samosa,Breakfast
Decent meal overall.,2026-01-21T00:00:00,Fish Curry,Dinner
"It was fine, could be better.",2024-10-28T00:00:00,Samosa,Dinner
The food tasted great today.,2025-12-12T00:00:00,Paneer Curry,Lunch
The food tasted great today.,2025-10-06T00:00:00,Paneer Curry,Snacks
Portion size was perfect and taste was nice.,2024-02-22T00:00:00,Vada,Lunch
Good quality and well cooked.,2025-05-11T00:00:00,Paneer Curry,Breakfast
Portion size was perfect and taste was nice.,2024-03-19T00:00:00,Pongal,Lunch
"Really enjoyed the meal, it was delicious.",2025-09-22T00:00:00,Roti,Snacks
The meal was light and refreshing.,2024-09-20T00:00:00,Roti,Snacks
Portion size was perfect and taste was nice.,2024-06-27T00:00:00,Idli,Breakfast
Good quality and well cooked.,2024-06-28T00:00:00,Curd Rice,Dinner
"Neither good nor bad, just normal.",2024-07-04T00:00:00,Roti,Lunch
"It was fine, could be better.",2024-03-27T00:00:00,Fish Curry,Breakfast
The meal was light and refreshing.,2025-05-22T00:00:00,Curd Rice,Lunch
"Really enjoyed the meal, it was delicious.",2025-11-07T00:00:00,Uggani,Dinner
"Taste was average, nothing special.",2025-08-14T00:00:00,Bonda,Lunch
"It was fine, could be better.",2026-02-12T00:00:00,Gulab Jamun,Breakfast
The meal was not salty enough.,2025-04-20T00:00:00,Sambar Rice,Breakfast
Good quality and well cooked.,2025-05-02T00:00:00,Ice Cream,Dinner
"Fresh and tasty, good job by the kitchen.",2025-11-30T00:00:00,Mutton Curry,Lunch
"It was fine, could be better.",2024-05-28T00:00:00,Ice Cream,Dinner
The food tasted great today.,2024-10-22T00:00:00,Fish Curry,Dinner
"Amazing flavors, I loved the taste.",2024-11-19T00:00:00,Bonda,Dinner
The food tasted great today.,2025-06-28T00:00:00,Fish Curry,Breakfast
Portion size was perfect and taste was nice.,2025-10-29T00:00:00,Gulab Jamun,Dinner
Good quality and well cooked.,2024-09-30T00:00:00,Roti,Snacks
Decent meal overall.,2025-02-04T00:00:00,Sambar Rice,Snacks
"Amazing flavors, I loved the taste.",2025-11-19T00:00:00,Bonda,Lunch
"Amazing flavors, I loved the taste.",2025-12-07T00:00:00,Chicken Biryani,Snacks
Portion size was perfect and taste was nice.,2024-01-11T00:00:00,Veg Curry,Snacks
The food was served too cold.,2025-02-25T00:00:00,Idli,Breakfast
"Amazing flavors, I loved the taste.",2025-04-01T00:00:00,Sambar Rice,Breakfast
"It was fine, could be better.",2024-09-14T00:00:00,Gulab Jamun,Lunch
The meal was okay.,2025-09-26T00:00:00,Chicken Biryani,Breakfast
Portion size was perfect and taste was nice.,2025-11-03T00:00:00,Pongal,Breakfast
"Amazing flavors, I loved the taste.",2024-05-02T00:00:00,Chicken Biryani,Breakfast
"Fresh and tasty, good job by the kitchen.",2025-11-03T00:00:00,Pongal,Lunch
The quantity was not enough.,2024-07-07T00:00:00,Veg Curry,Breakfast
"Fresh and tasty, good job by the kitchen.",2025-11-07T00:00:00,Roti,Snacks
"It was fine, could be better.",2026-02-26T00:00:00,Pongal,Dinner
Good quality and well cooked.,2024-06-14T00:00:00,Uggani,Snacks
The meal was light and refreshing.,2024-03-04T00:00:00,Pongal,Snacks
"It was fine, could be better.",2024-03-02T00:00:00,Ice Cream,Dinner
"Really enjoyed the meal, it was delicious.",2025-03-27T00:00:00,Roti,Snacks
"Really enjoyed the meal, it was delicious.",2025-09-16T00:00:00,Pongal,Dinner
"Neither good nor bad, just normal.",2024-04-21T00:00:00,Ice Cream,Lunch
"Taste was average, nothing special.",2025-09-20T00:00:00,Curd Rice,Dinner
"It was fine, could be better.",2024-04-15T00:00:00,Sambar Rice,Dinner
The food tasted great today.,2025-08-08T00:00:00,Dosa,Breakfast
The food tasted great today.,2025-05-24T00:00:00,Roti,Dinner
The food tasted great today.,2025-11-11T00:00:00,Curd Rice,Breakfast
"Really enjoyed the meal, it was delicious.",2025-12-17T00:00:00,Ice Cream,Snacks
Portion size was perfect and taste was nice.,2024-01-04T00:00:00,Samosa,Dinner
"Fresh and tasty, good job by the kitchen.",2025-03-22T00:00:00,Fish Curry,Dinner
Portion size was perfect and taste was nice.,2024-08-19T00:00:00,Ice Cream,Breakfast
"Amazing flavors, I loved the taste.",2025-05-08T00:00:00,Idli,Dinner
"It was fine, could be better.",2025-11-29T00:00:00,Sambar Rice,Snacks
The food tasted great today.,2025-10-09T00:00:00,Paneer Curry,Dinner
Portion size was perfect and taste was nice.,2024-12-14T00:00:00,Pongal,Snacks
"It was fine, could be better.",2025-10-25T00:00:00,Pongal,Dinner
Decent meal overall.,2024-02-10T00:00:00,Chicken Biryani,Lunch
Good quality and well cooked.,2025-12-13T00:00:00,Ice Cream,Lunch
"It was fine, could be better.",2025-05-13T00:00:00,Ice Cream,Breakfast
"Amazing flavors, I loved the taste.",2024-07-13T00:00:00,Pongal,Dinner
"Really enjoyed the meal, it was delicious.",2024-01-26T00:00:00,Curd Rice,Breakfast
"Fresh and tasty, good job by the kitchen.",2024-03-05T00:00:00,Veg Biryani,Dinner
"Fresh and tasty, good job by the kitchen.",2025-06-30T00:00:00,Mutton Curry,Snacks
The food tasted great today.,2024-12-13T00:00:00,Bonda,Breakfast
The meal was okay.,2025-02-19T00:00:00,Dosa,Snacks
The meal was light and refreshing.,2025-10-31T00:00:00,Sambar Rice,Lunch
Decent meal overall.,2024-06-01T00:00:00,Fish Curry,Dinner
The food tasted great today.,2026-01-23T00:00:00,Veg Biryani,Breakfast
The quality was inconsistent this week.,2024-01-20T00:00:00,Curd Rice,Dinner
"Really enjoyed the meal, it was delicious.",2025-12-19T00:00:00,Vada,Breakfast
"Really enjoyed the meal, it was delicious.",2025-10-09T00:00:00,Curd Rice,Breakfast
The meal was okay.,2025-04-12T00:00:00,Dosa,Snacks
The meal was okay.,2024-04-26T00:00:00,Veg Curry,Breakfast
The food tasted great today.,2024-07-26T00:00:00,Vada,Lunch
The meal was light and refreshing.,2026-01-25T00:00:00,Uggani,Snacks
The meal was okay.,2025-12-01T00:00:00,Ice Cream,Snacks
Good quality and well cooked.,2024-08-06T00:00:00,Mutton Curry,Lunch
Good quality and well cooked.,2024-03-05T00:00:00,Dosa,Lunch
"Taste was average, nothing special.",2026-02-14T00:00:00,Sambar Rice,Snacks
"Amazing flavors, I loved the taste.",2025-01-13T00:00:00,Uggani,Lunch
"Fresh and tasty, good job by the kitchen.",2024-09-06T00:00:00,Mutton Curry,Lunch
The food tasted great today.,2025-10-09T00:00:00,Dosa,Lunch
The meal was okay.,2025-05-13T00:00:00,Ice Cream,Lunch
The food tasted great today.,2024-07-02T00:00:00,Pongal,Breakfast
"Neither good nor bad, just normal.",2025-12-11T00:00:00,Pongal,Snacks
"Really enjoyed the meal, it was delicious.",2024-05-26T00:00:00,Vada,Lunch
"Fresh and tasty, good job by the kitchen.",2024-09-01T00:00:00,Roti,Dinner
Portion size was perfect and taste was nice.,2024-07-03T00:00:00,Veg Curry,Breakfast
"Amazing flavors, I loved the taste.",2024-11-04T00:00:00,Vada,Breakfast
The food tasted great today.,2025-07-25T00:00:00,Gulab Jamun,Dinner
The food tasted great today.,2025-06-26T00:00:00,Veg Biryani,Lunch
The meal was light and refreshing.,2026-02-18T00:00:00,Sambar Rice,Snacks
"Fresh and tasty, good job by the kitchen.",2026-02-27T00:00:00,Mutton Curry,Lunch
The food tasted great today.,2024-07-17T00:00:00,Chicken Biryani,Snacks
"Amazing flavors, I loved the taste.",2025-04-30T00:00:00,Sambar Rice,Lunch
"Really enjoyed the meal, it was delicious.",2025-11-17T00:00:00,Vada,Lunch
"Amazing flavors, I loved the taste.",2025-01-07T00:00:00,Dosa,Breakfast
The rice was undercooked.,2024-09-14T00:00:00,Paneer Curry,Lunch
The meal was okay.,2024-04-16T00:00:00,Samosa,Dinner
"Really enjoyed the meal, it was delicious.",2024-01-30T00:00:00,Dosa,Lunch
The food tasted great today.,2024-08-28T00:00:00,Vada,Breakfast
"Fresh and tasty, good job by the kitchen.",2024-07-22T00:00:00,Bonda,Snacks
The meal was light and refreshing.,2024-04-22T00:00:00,Samosa,Lunch
The food tasted great today.,2024-08-30T00:00:00,Samosa,Lunch
"Neither good nor bad, just normal.",2024-08-13T00:00:00,Uggani,Lunch
Portion size was perfect and taste was nice.,2025-05-11T00:00:00,Pongal,Dinner
"Taste was average, nothing special.",2024-08-09T00:00:00,Dosa,Dinner
"Neither good nor bad, just normal.",2025-01-17T00:00:00,Bonda,Lunch
The serving was not sufficient.,2024-07-17T00:00:00,Curd Rice,Dinner
"Really enjoyed the meal, it was delicious.",2024-12-09T00:00:00,Gulab Jamun,Snacks
"Amazing flavors, I loved the taste.",2025-08-05T00:00:00,Curd Rice,Breakfast
"Really enjoyed the meal, it was delicious.",2024-04-23T00:00:00,Dosa,Snacks
"Neither good nor bad, just normal.",2024-06-24T00:00:00,Bonda,Dinner
Good quality and well cooked.,2025-09-10T00:00:00,Samosa,Lunch
The taste felt stale.,2025-07-20T00:00:00,Veg Curry,Lunch
"Fresh and tasty, good job by the kitchen.",2025-06-18T00:00:00,Veg Biryani,Breakfast
Portion size was perfect and taste was nice.,2025-04-29T00:00:00,Vada,Lunch
The food tasted great today.,2026-01-17T00:00:00,Bonda,Snacks
"Really enjoyed the meal, it was delicious.",2024-12-01T00:00:00,Uggani,Lunch
Portion size was perfect and taste was nice.,2024-06-01T00:00:00,Uggani,Lunch
The food tasted great today.,2024-02-11T00:00:00,Idli,Dinner
"Fresh and tasty, good job by the kitchen.",2025-06-27T00:00:00,Vada,Breakfast
The side dish mentioned in the menu was missing.,2025-12-14T00:00:00,Ice Cream,Dinner
"Fresh and tasty, good job by the kitchen.",2024-09-03T00:00:00,Sambar Rice,Dinner
"Amazing flavors, I loved the taste.",2026-01-19T00:00:00,Pongal,Breakfast
"Really enjoyed the meal, it was delicious.",2025-01-02T00:00:00,Uggani,Lunch
The meal was okay.,2024-01-17T00:00:00,Paneer Curry,Lunch
"Taste was average, nothing special.",2025-12-21T00:00:00,Vada,Snacks
"Neither good nor bad, just normal.",2025-04-19T00:00:00,Bonda,Breakfast
"Really enjoyed the meal, it was delicious.",2025-01-14T00:00:00,Curd Rice,Dinner
The meal was light and refreshing.,2025-10-04T00:00:00,Bonda,Breakfast
"Amazing flavors, I loved the taste.",2024-12-06T00:00:00,Pongal,Dinner
Good quality and well cooked.,2025-03-12T00:00:00,Fish Curry,Breakfast
The meal was okay.,2025-09-27T00:00:00,Roti,Lunch
Portion size was perfect and taste was nice.,2025-11-21T00:00:00,Samosa,Breakfast
The food tasted great today.,2025-01-27T00:00:00,Gulab Jamun,Breakfast
Portion size was perfect and taste was nice.,2024-02-11T00:00:00,Gulab Jamun,Dinner
"Really enjoyed the meal, it was delicious.",2025-10-25T00:00:00,Gulab Jamun,Snacks
Portion size was perfect and taste was nice.,2025-12-27T00:00:00,Mutton Curry,Breakfast
Good quality and well cooked.,2024-09-01T00:00:00,Chicken Biryani,Lunch
"Amazing flavors, I loved the taste.",2025-05-04T00:00:00,Mutton Curry,Breakfast
"It was fine, could be better.",2024-12-27T00:00:00,Chicken Biryani,Lunch
Good quality and well cooked.,2024-02-25T00:00:00,Roti,Dinner
"It was fine, could be better.",2025-04-08T00:00:00,Pongal,Snacks
"Neither good nor bad, just normal.",2025-12-27T00:00:00,Vada,Breakfast
"Neither good nor bad, just normal.",2025-09-27T00:00:00,Mutton Curry,Snacks
"Taste was average, nothing special.",2025-04-13T00:00:00,Gulab Jamun,Breakfast
"Neither good nor bad, just normal.",2024-07-02T00:00:00,Pongal,Breakfast
The temperature of the food was not good.,2024-06-17T00:00:00,Paneer Curry,Breakfast
"Amazing flavors, I loved the taste.",2024-05-31T00:00:00,Roti,Breakfast
The meal was light and refreshing.,2024-07-28T00:00:00,Vada,Lunch
Good quality and well cooked.,2025-03-02T00:00:00,Fish Curry,Breakfast
"Fresh and tasty, good job by the kitchen.",2024-12-21T00:00:00,Mutton Curry,Lunch
"Amazing flavors, I loved the taste.",2025-10-22T00:00:00,Uggani,Dinner
"Really enjoyed the meal, it was delicious.",2024-03-05T00:00:00,Idli,Snacks
The meal was light and refreshing.,2025-06-16T00:00:00,Idli,Lunch
Decent meal overall.,2024-12-17T00:00:00,Samosa,Dinner
Decent meal overall.,2025-11-12T00:00:00,Samosa,Dinner
"Neither good nor bad, just normal.",2024-11-07T00:00:00,Fish Curry,Dinner
The meal was not salty enough.,2024-09-23T00:00:00,Curd Rice,Snacks
Good quality and well cooked.,2024-10-22T00:00:00,Veg Biryani,Dinner
Good quality and well cooked.,2024-10-18T00:00:00,Dosa,Lunch
Portion size was perfect and taste was nice.,2024-06-13T00:00:00,Bonda,Lunch
"Really enjoyed the meal, it was delicious.",2024-06-28T00:00:00,Mutton Curry,Snacks
"Really enjoyed the meal, it was delicious.",2024-04-29T00:00:00,Curd Rice,Lunch
Portion size was perfect and taste was nice.,2024-05-09T00:00:00,Dosa,Snacks
Good quality and well cooked.,2024-07-07T00:00:00,Bonda,Snacks
"Amazing flavors, I loved the taste.",2024-11-20T00:00:00,Chicken Biryani,Breakfast
Good quality and well cooked.,2025-04-04T00:00:00,Gulab Jamun,Lunch
Decent meal overall.,2024-11-04T00:00:00,Mutton Curry,Lunch
"Fresh and tasty, good job by the kitchen.",2025-05-26T00:00:00,Sambar Rice,Breakfast
Good quality and well cooked.,2024-06-08T00:00:00,Curd Rice,Dinner
"It was fine, could be better.",2025-04-30T00:00:00,Idli,Snacks
The side dish mentioned in the menu was missing.,2025-08-01T00:00:00,Paneer Curry,Lunch
"Amazing flavors, I loved the taste.",2024-04-25T00:00:00,Bonda,Snacks
"Really enjoyed the meal, it was delicious.",2025-11-25T00:00:00,Vada,Breakfast
Good quality and well cooked.,2024-01-26T00:00:00,Mutton Curry,Breakfast
"Fresh and tasty, good job by the kitchen.",2024-12-31T00:00:00,Ice Cream,Lunch
The meal was okay.,2025-09-14T00:00:00,Pongal,Snacks
"It was fine, could be better.",2024-07-19T00:00:00,Chicken Biryani,Lunch
Portion size was perfect and taste was nice.,2025-04-01T00:00:00,Idli,Breakfast
"Taste was average, nothing special.",2025-05-17T00:00:00,Pongal,Dinner
"Amazing flavors, I loved the taste.",2025-01-04T00:00:00,Samosa,Breakfast
The quantity was not enough.,2025-03-13T00:00:00,Ice Cream,Lunch
Good quality and well cooked.,2024-01-13T00:00:00,Gulab Jamun,Dinner
Good quality and well cooked.,2024-11-11T00:00:00,Paneer Curry,Snacks
"Taste was average, nothing special.",2026-01-15T00:00:00,Bonda,Breakfast
The meal was light and refreshing.,2025-03-29T00:00:00,Bonda,Dinner
"Neither good nor bad, just normal.",2026-01-16T00:00:00,Paneer Curry,Lunch
The gravy was missing today.,2025-08-24T00:00:00,Uggani,Lunch
"Really enjoyed the meal, it was delicious.",2024-11-06T00:00:00,Pongal,Lunch
The food tasted great today.,2025-08-27T00:00:00,Vada,Snacks
The food tasted great today.,2025-02-23T00:00:00,Ice Cream,Breakfast
"Really enjoyed the meal, it was delicious.",2025-07-23T00:00:00,Roti,Dinner
"Taste was average, nothing special.",2024-07-09T00:00:00,Bonda,Lunch
Decent meal overall.,2025-05-17T00:00:00,Ice Cream,Snacks
The meal was light and refreshing.,2025-08-22T00:00:00,Dosa,Snacks
Portion size was perfect and taste was nice.,2026-01-27T00:00:00,Paneer Curry,Dinner
The food tasted great today.,2024-01-03T00:00:00,Bonda,Lunch
"It was fine, could be better.",2025-10-17T00:00:00,Curd Rice,Snacks
"Amazing flavors, I loved the taste.",2025-11-12T00:00:00,Vada,Breakfast
"Really enjoyed the meal, it was delicious.",2025-05-18T00:00:00,Paneer Curry,Dinner
The meal was okay.,2026-02-22T00:00:00,Veg Biryani,Breakfast
The meal was okay.,2025-09-05T00:00:00,Roti,Dinner
Portion size was perfect and taste was nice.,2025-03-22T00:00:00,Gulab Jamun,Dinner
"Amazing flavors, I loved the taste.",2024-05-02T00:00:00,Roti,Dinner
The meal was light and refreshing.,2024-09-22T00:00:00,Gulab Jamun,Breakfast
"Really enjoyed the meal, it was delicious.",2024-11-23T00:00:00,Veg Curry,Breakfast
Good quality and well cooked.,2024-06-16T00:00:00,Bonda,Lunch
Good quality and well cooked.,2025-03-05T00:00:00,Dosa,Snacks
Good quality and well cooked.,2024-10-25T00:00:00,Gulab Jamun,Breakfast
Portion size was perfect and taste was nice.,2024-07-17T00:00:00,Fish Curry,Breakfast
Portion size was perfect and taste was nice.,2026-02-09T00:00:00,Veg Curry,Breakfast
"It was fine, could be better.",2025-12-02T00:00:00,Veg Curry,Snacks
"Amazing flavors, I loved the taste.",2025-12-15T00:00:00,Paneer Curry,Snacks
Portion size was perfect and taste was nice.,2025-08-16T00:00:00,Gulab Jamun,Breakfast
The food tasted great today.,2024-05-20T00:00:00,Gulab Jamun,Lunch
"It was fine, could be better.",2025-05-11T00:00:00,Fish Curry,Snacks
"Really enjoyed the meal, it was delicious.",2024-04-14T00:00:00,Uggani,Snacks
Portion size was perfect and taste was nice.,2024-08-14T00:00:00,Chicken Biryani,Lunch
"Fresh and tasty, good job by the kitchen.",2025-04-16T00:00:00,Chicken Biryani,Breakfast
The meal was light and refreshing.,2024-05-14T00:00:00,Pongal,Breakfast
Good quality and well cooked.,2024-11-15T00:00:00,Idli,Dinner
The meal was light and refreshing.,2025-03-28T00:00:00,Gulab Jamun,Lunch
The meal was not salty enough.,2025-12-27T00:00:00,Fish Curry,Snacks
The meal was okay.,2024-08-15T00:00:00,Paneer Curry,Breakfast
"Taste was average, nothing special.",2024-11-10T00:00:00,Curd Rice,Lunch
"Really enjoyed the meal, it was delicious.",2024-03-21T00:00:00,Curd Rice,Lunch
The meal was okay.,2024-01-20T00:00:00,Uggani,Breakfast
The meal was okay.,2024-07-20T00:00:00,Vada,Dinner
The meal was light and refreshing.,2025-11-06T00:00:00,Sambar Rice,Breakfast
"Fresh and tasty, good job by the kitchen.",2024-05-01T00:00:00,Fish Curry,Breakfast
The food tasted great today.,2024-11-04T00:00:00,Roti,Breakfast
The meal was okay.,2025-09-08T00:00:00,Idli,Breakfast
"Really enjoyed the meal, it was delicious.",2025-11-17T00:00:00,Chicken Biryani,Lunch
The meal was okay.,2024-05-29T00:00:00,Gulab Jamun,Breakfast
Good quality and well cooked.,2024-06-13T00:00:00,Roti,Snacks
Portion size was perfect and taste was nice.,2025-08-06T00:00:00,Fish Curry,Lunch
The meal was light and refreshing.,2025-08-15T00:00:00,Pongal,Breakfast
"Amazing flavors, I loved the taste.",2024-07-15T00:00:00,Idli,Lunch
The meal was light and refreshing.,2025-07-04T00:00:00,Paneer Curry,Lunch
"Really enjoyed the meal, it was delicious.",2025-05-31T00:00:00,Idli,Breakfast
Decent meal overall.,2024-07-08T00:00:00,Vada,Snacks
"Really enjoyed the meal, it was delicious.",2024-12-29T00:00:00,Bonda,Breakfast
"Taste was average, nothing special.",2025-06-10T00:00:00,Ice Cream,Dinner
The food tasted great today.,2026-02-18T00:00:00,Veg Biryani,Dinner
"Fresh and tasty, good job by the kitchen.",2024-04-22T00:00:00,Samosa,Breakfast
"Fresh and tasty, good job by the kitchen.",2026-02-19T00:00:00,Fish Curry,Lunch
Decent meal overall.,2026-01-09T00:00:00,Gulab Jamun,Snacks
"It was fine, could be better.",2025-05-20T00:00:00,Dosa,Breakfast
"It was fine, could be better.",2025-04-12T00:00:00,Sambar Rice,Dinner
"Really enjoyed the meal, it was delicious.",2025-07-21T00:00:00,Paneer Curry,Dinner
The meal was light and refreshing.,2025-03-14T00:00:00,Uggani,Snacks
The meal was light and refreshing.,2025-05-02T00:00:00,Chicken Biryani,Breakfast
The food tasted great today.,2025-11-21T00:00:00,Gulab Jamun,Lunch
"Fresh and tasty, good job by the kitchen.",2025-03-24T00:00:00,Vada,Breakfast
The food tasted great today.,2024-05-26T00:00:00,Fish Curry,Breakfast
"Amazing flavors, I loved the taste.",2025-08-27T00:00:00,Ice Cream,Dinner
The food tasted great today.,2025-01-07T00:00:00,Sambar Rice,Lunch
"Really enjoyed the meal, it was delicious.",2025-09-01T00:00:00,Chicken Biryani,Snacks
"Taste was average, nothing special.",2025-03-10T00:00:00,Ice Cream,Breakfast
The meal was light and refreshing.,2025-12-31T00:00:00,Vada,Snacks
Good quality and well cooked.,2025-05-02T00:00:00,Roti,Dinner
Portion size was perfect and taste was nice.,2024-10-12T00:00:00,Ice Cream,Dinner
The meal was okay.,2024-05-05T00:00:00,Curd Rice,Dinner
"Neither good nor bad, just normal.",2024-08-24T00:00:00,Roti,Dinner
The food tasted great today.,2026-01-25T00:00:00,Curd Rice,Breakfast
"Fresh and tasty, good job by the kitchen.",2025-11-25T00:00:00,Dosa,Breakfast
"Fresh and tasty, good job by the kitchen.",2025-09-11T00:00:00,Idli,Lunch
Good quality and well cooked.,2025-09-28T00:00:00,Samosa,Lunch
"Amazing flavors, I loved the taste.",2026-02-08T00:00:00,Sambar Rice,Breakfast
The meal was light and refreshing.,2025-04-22T00:00:00,Fish Curry,Dinner
"Amazing flavors, I loved the taste.",2025-05-24T00:00:00,Chicken Biryani,Snacks
Portion size was perfect and taste was nice.,2024-12-17T00:00:00,Vada,Snacks
The meal was light and refreshing.,2024-02-02T00:00:00,Mutton Curry,Breakfast
"Fresh and tasty, good job by the kitchen.",2025-04-05T00:00:00,Uggani,Breakfast
The vegetables were overcooked and mushy.,2025-04-15T00:00:00,Samosa,Dinner
"Really enjoyed the meal, it was delicious.",2025-07-24T00:00:00,Dosa,Breakfast
"Fresh and tasty, good job by the kitchen.",2025-03-17T00:00:00,Paneer Curry,Lunch
"Amazing flavors, I loved the taste.",2025-02-02T00:00:00,Curd Rice,Snacks
Portion size was perfect and taste was nice.,2025-11-22T00:00:00,Vada,Breakfast
"Neither good nor bad, just normal.",2025-07-29T00:00:00,Vada,Dinner
The food was not cooked properly.,2024-09-26T00:00:00,Veg Curry,Breakfast
Decent meal overall.,2025-11-23T00:00:00,Vada,Dinner
Good quality and well cooked.,2024-03-03T00:00:00,Gulab Jamun,Snacks
"Really enjoyed the meal, it was delicious.",2025-01-10T00:00:00,Idli,Breakfast
The meal was light and refreshing.,2025-10-02T00:00:00,Gulab Jamun,Breakfast
The food tasted great today.,2025-03-14T00:00:00,Samosa,Dinner
"Fresh and tasty, good job by the kitchen.",2024-12-25T00:00:00,Gulab Jamun,Snacks
"Really enjoyed the meal, it was delicious.",2024-08-28T00:00:00,Dosa,Lunch
The meal was okay.,2024-11-08T00:00:00,Paneer Curry,Breakfast
"Really enjoyed the meal, it was delicious.",2024-01-21T00:00:00,Sambar Rice,Snacks
The food tasted great today.,2025-04-16T00:00:00,Mutton Curry,Snacks
"It was fine, could be better.",2024-01-21T00:00:00,Uggani,Dinner
Good quality and well cooked.,2025-01-21T00:00:00,Vada,Breakfast
Decent meal overall.,2024-04-10T00:00:00,Ice Cream,Snacks
"Taste was average, nothing special.",2024-12-10T00:00:00,Vada,Breakfast
"Really enjoyed the meal, it was delicious.",2025-09-21T00:00:00,Vada,Snacks
"Fresh and tasty, good job by the kitchen.",2024-07-25T00:00:00,Paneer Curry,Snacks
Decent meal overall.,2024-08-07T00:00:00,Vada,Breakfast
The food tasted great today.,2024-10-31T00:00:00,Paneer Curry,Snacks
Decent meal overall.,2026-01-30T00:00:00,Ice Cream,Lunch
Portion size was perfect and taste was nice.,2024-12-10T00:00:00,Pongal,Breakfast
Portion size was perfect and taste was nice.,2025-06-27T00:00:00,Roti,Breakfast
"Taste was average, nothing special.",2024-12-21T00:00:00,Vada,Dinner
Portion size was perfect and taste was nice.,2024-11-03T00:00:00,Pongal,Snacks
"Really enjoyed the meal, it was delicious.",2025-02-28T00:00:00,Uggani,Snacks
Portion size was perfect and taste was nice.,2025-06-11T00:00:00,Ice Cream,Snacks
The food tasted great today.,2025-10-04T00:00:00,Bonda,Lunch
Decent meal overall.,2025-05-26T00:00:00,Fish Curry,Lunch
Good quality and well cooked.,2025-10-15T00:00:00,Chicken Biryani,Dinner
Portion size was perfect and taste was nice.,2026-01-14T00:00:00,Mutton Curry,Dinner
"It was fine, could be better.",2025-04-18T00:00:00,Dosa,Lunch
"Really enjoyed the meal, it was delicious.",2026-02-03T00:00:00,Curd Rice,Lunch
"Fresh and tasty, good job by the kitchen.",2024-11-22T00:00:00,Paneer Curry,Dinner
The meal was light and refreshing.,2025-02-26T00:00:00,Pongal,Lunch
"Amazing flavors, I loved the taste.",2024-06-13T00:00:00,Roti,Snacks
"Fresh and tasty, good job by the kitchen.",2024-09-01T00:00:00,Roti,Lunch
"Really enjoyed the meal, it was delicious.",2024-01-29T00:00:00,Sambar Rice,Lunch
"Fresh and tasty, good job by the kitchen.",2025-05-12T00:00:00,Veg Biryani,Snacks
"Fresh and tasty, good job by the kitchen.",2025-10-24T00:00:00,Mutton Curry,Dinner
"Really enjoyed the meal, it was delicious.",2024-10-06T00:00:00,Dosa,Lunch
"It was fine, could be better.",2024-10-11T00:00:00,Curd Rice,Breakfast
"Amazing flavors, I loved the taste.",2024-02-13T00:00:00,Mutton Curry,Lunch
The food tasted great today.,2024-03-26T00:00:00,Vada,Breakfast
The meal was light and refreshing.,2024-03-06T00:00:00,Samosa,Snacks
"Amazing flavors, I loved the taste.",2025-11-04T00:00:00,Uggani,Snacks
"Taste was average, nothing special.",2024-08-29T00:00:00,Pongal,Dinner
Portion size was perfect and taste was nice.,2025-11-11T00:00:00,Sambar Rice,Breakfast
"Fresh and tasty, good job by the kitchen.",2024-04-02T00:00:00,Fish Curry,Snacks
The meal was light and refreshing.,2024-11-16T00:00:00,Veg Biryani,Breakfast
"Taste was average, nothing special.",2025-03-09T00:00:00,Samosa,Dinner
The meal was okay.,2024-06-28T00:00:00,Chicken Biryani,Lunch
"Neither good nor bad, just normal.",2025-02-22T00:00:00,Chicken Biryani,Snacks
"Fresh and tasty, good job by the kitchen.",2025-06-30T00:00:00,Roti,Breakfast
Good quality and well cooked.,2025-07-12T00:00:00,Gulab Jamun,Breakfast
"Amazing flavors, I loved the taste.",2024-09-09T00:00:00,Uggani,Dinner
Good quality and well cooked.,2025-05-01T00:00:00,Roti,Lunch
The meal was okay.,2025-10-22T00:00:00,Gulab Jamun,Snacks
"Taste was average, nothing special.",2024-09-16T00:00:00,Dosa,Breakfast
Good quality and well cooked.,2025-10-16T00:00:00,Mutton Curry,Dinner
Portion size was perfect and taste was nice.,2024-08-30T00:00:00,Gulab Jamun,Breakfast
The meal was okay.,2025-02-06T00:00:00,Bonda,Dinner
The food tasted great today.,2026-02-13T00:00:00,Roti,Snacks
"Taste was average, nothing special.",2024-06-13T00:00:00,Veg Biryani,Snacks
The meal was light and refreshing.,2026-02-24T00:00:00,Bonda,Snacks
Good quality and well cooked.,2024-03-23T00:00:00,Uggani,Breakfast
"Amazing flavors, I loved the taste.",2025-02-26T00:00:00,Vada,Dinner
The meal was light and refreshing.,2024-04-12T00:00:00,Samosa,Dinner
Portion size was perfect and taste was nice.,2024-03-08T00:00:00,Veg Curry,Snacks
Portion size was perfect and taste was nice.,2026-01-16T00:00:00,Gulab Jamun,Dinner
"Neither good nor bad, just normal.",2025-12-12T00:00:00,Mutton Curry,Snacks
"Taste was average, nothing special.",2025-10-07T00:00:00,Idli,Breakfast
The food tasted great today.,2025-02-14T00:00:00,Bonda,Lunch
Good quality and well cooked.,2025-08-12T00:00:00,Chicken Biryani,Snacks
"Really enjoyed the meal, it was delicious.",2024-09-12T00:00:00,Pongal,Breakfast
The meal was light and refreshing.,2025-08-31T00:00:00,Fish Curry,Lunch
The vegetables were overcooked and mushy.,2025-05-04T00:00:00,Uggani,Snacks
"Really enjoyed the meal, it was delicious.",2025-12-04T00:00:00,Curd Rice,Snacks
"Really enjoyed the meal, it was delicious.",2024-03-27T00:00:00,Samosa,Snacks
"Really enjoyed the meal, it was delicious.",2025-02-06T00:00:00,Uggani,Snacks
The meal was okay.,2024-01-24T00:00:00,Ice Cream,Lunch
The food tasted great today.,2025-04-18T00:00:00,Mutton Curry,Lunch
"Taste was average, nothing special.",2024-02-20T00:00:00,Chicken Biryani,Snacks
Portion size was perfect and taste was nice.,2024-09-23T00:00:00,Ice Cream,Dinner
Good quality and well cooked.,2024-06-23T00:00:00,Curd Rice,Breakfast
"Amazing flavors, I loved the taste.",2025-06-22T00:00:00,Sambar Rice,Breakfast
The meal was light and refreshing.,2025-11-20T00:00:00,Uggani,Dinner
"Really enjoyed the meal, it was delicious.",2025-12-31T00:00:00,Vada,Breakfast
The service was delayed and the food got cold.,2024-09-29T00:00:00,Chicken Biryani,Lunch
The food was not cooked properly.,2024-05-13T00:00:00,Paneer Curry,Dinner
Portion size was perfect and taste was nice.,2024-08-08T00:00:00,Uggani,Lunch
"Fresh and tasty, good job by the kitchen.",2024-07-03T00:00:00,Paneer Curry,Lunch
The food tasted great today.,2024-10-24T00:00:00,Uggani,Lunch
Decent meal overall.,2025-04-06T00:00:00,Roti,Lunch
Portion size was perfect and taste was nice.,2025-12-01T00:00:00,Veg Biryani,Snacks
The food tasted great today.,2025-04-25T00:00:00,Bonda,Breakfast
"Amazing flavors, I loved the taste.",2025-02-11T00:00:00,Curd Rice,Snacks
"Neither good nor bad, just normal.",2026-01-23T00:00:00,Chicken Biryani,Dinner
The meal was okay.,2025-07-24T00:00:00,Roti,Breakfast
"It was fine, could be better.",2024-08-28T00:00:00,Dosa,Breakfast
Portion size was perfect and taste was nice.,2025-11-17T00:00:00,Vada,Snacks
Good quality and well cooked.,2025-05-31T00:00:00,Dosa,Breakfast
"Fresh and tasty, good job by the kitchen.",2025-11-18T00:00:00,Ice Cream,Snacks
Portion size was perfect and taste was nice.,2024-02-12T00:00:00,Gulab Jamun,Lunch
"Really enjoyed the meal, it was delicious.",2025-05-30T00:00:00,Veg Curry,Snacks
"Fresh and tasty, good job by the kitchen.",2024-05-15T00:00:00,Vada,Snacks
The quantity was not enough.,2025-06-27T00:00:00,Pongal,Snacks
Good quality and well cooked.,2024-04-29T00:00:00,Uggani,Lunch
"Really enjoyed the meal, it was delicious.",2025-05-26T00:00:00,Samosa,Breakfast
"Fresh and tasty, good job by the kitchen.",2024-10-16T00:00:00,Roti,Snacks
Portion size was perfect and taste was nice.,2024-11-16T00:00:00,Roti,Snacks
Good quality and well cooked.,2026-01-24T00:00:00,Uggani,Lunch
Portion size was perfect and taste was nice.,2025-11-04T00:00:00,Vada,Lunch
"Taste was average, nothing special.",2024-06-01T00:00:00,Bonda,Breakfast
"Really enjoyed the meal, it was delicious.",2024-02-06T00:00:00,Dosa,Lunch
"Really enjoyed the meal, it was delicious.",2025-12-23T00:00:00,Vada,Snacks
The meal was okay.,2025-05-21T00:00:00,Bonda,Dinner
Good quality and well cooked.,2025-12-27T00:00:00,Dosa,Dinner
"Neither good nor bad, just normal.",2025-05-19T00:00:00,Mutton Curry,Dinner
The food tasted great today.,2024-12-23T00:00:00,Sambar Rice,Lunch
"It was fine, could be better.",2024-07-03T00:00:00,Pongal,Lunch
Decent meal overall.,2025-11-10T00:00:00,Veg Curry,Snacks
Portion size was perfect and taste was nice.,2026-02-24T00:00:00,Chicken Biryani,Breakfast
The food tasted great today.,2024-09-09T00:00:00,Veg Curry,Dinner
Good quality and well cooked.,2024-01-27T00:00:00,Vada,Breakfast
"Fresh and tasty, good job by the kitchen.",2025-01-17T00:00:00,Paneer Curry,Breakfast
"Really enjoyed the meal, it was delicious.",2024-01-30T00:00:00,Sambar Rice,Snacks
The meal was light and refreshing.,2025-12-25T00:00:00,Pongal,Dinner
"Amazing flavors, I loved the taste.",2024-10-02T00:00:00,Vada,Dinner
The meal was okay.,2025-11-02T00:00:00,Idli,Snacks
"Amazing flavors, I loved the taste.",2026-01-21T00:00:00,Bonda,Snacks
The meal was okay.,2025-10-21T00:00:00,Curd Rice,Lunch
The meal was light and refreshing.,2024-02-26T00:00:00,Paneer Curry,Snacks
The food tasted great today.,2025-02-12T00:00:00,Pongal,Dinner
"Taste was average, nothing special.",2025-02-12T00:00:00,Roti,Lunch
The meal was light and refreshing.,2024-08-01T00:00:00,Pongal,Breakfast
The meal was light and refreshing.,2025-02-16T00:00:00,Veg Curry,Dinner
The meal was okay.,2024-11-01T00:00:00,Paneer Curry,Lunch
"It was fine, could be better.",2025-12-02T00:00:00,Vada,Dinner
The meal was okay.,2025-01-11T00:00:00,Curd Rice,Snacks
The texture of the dish was not good.,2025-04-01T00:00:00,Fish Curry,Lunch
Good quality and well cooked.,2025-07-30T00:00:00,Ice Cream,Dinner
The meal was light and refreshing.,2025-03-08T00:00:00,Uggani,Breakfast
"Fresh and tasty, good job by the kitchen.",2025-10-07T00:00:00,Gulab Jamun,Lunch
The food tasted great today.,2025-06-09T00:00:00,Uggani,Breakfast
"Amazing flavors, I loved the taste.",2024-08-17T00:00:00,Samosa,Dinner
Portion size was perfect and taste was nice.,2025-10-06T00:00:00,Curd Rice,Dinner
Good quality and well cooked.,2025-04-24T00:00:00,Fish Curry,Breakfast
"Neither good nor bad, just normal.",2024-11-03T00:00:00,Uggani,Breakfast
"Amazing flavors, I loved the taste.",2024-11-03T00:00:00,Curd Rice,Lunch
"It was fine, could be better.",2025-08-05T00:00:00,Veg Biryani,Dinner
The food tasted great today.,2025-06-09T00:00:00,Dosa,Breakfast
"Neither good nor bad, just normal.",2024-04-06T00:00:00,Sambar Rice,Dinner
"It was fine, could be better.",2024-09-17T00:00:00,Bonda,Snacks
The food tasted great today.,2026-01-28T00:00:00,Pongal,Breakfast
The meal was light and refreshing.,2024-07-05T00:00:00,Bonda,Lunch
The food tasted great today.,2025-03-02T00:00:00,Ice Cream,Breakfast
Portion size was perfect and taste was nice.,2026-01-11T00:00:00,Paneer Curry,Snacks
Portion size was perfect and taste was nice.,2024-09-28T00:00:00,Bonda,Dinner
"Taste was average, nothing special.",2024-07-08T00:00:00,Samosa,Lunch
The meal was light and refreshing.,2025-11-20T00:00:00,Pongal,Snacks
Portion size was perfect and taste was nice.,2024-01-19T00:00:00,Sambar Rice,Dinner
The food tasted great today.,2024-01-14T00:00:00,Idli,Dinner
"Fresh and tasty, good job by the kitchen.",2025-12-09T00:00:00,Veg Curry,Dinner
"It was fine, could be better.",2025-09-25T00:00:00,Ice Cream,Dinner
"It was fine, could be better.",2024-03-30T00:00:00,Gulab Jamun,Dinner
The food tasted great today.,2024-07-14T00:00:00,Curd Rice,Lunch
"Taste was average, nothing special.",2024-01-28T00:00:00,Sambar Rice,Breakfast
"Taste was average, nothing special.",2025-10-27T00:00:00,Chicken Biryani,Dinner
The meal was light and refreshing.,2025-10-03T00:00:00,Veg Biryani,Dinner
The food tasted great today.,2024-11-04T00:00:00,Mutton Curry,Lunch
"Fresh and tasty, good job by the kitchen.",2025-03-08T00:00:00,Bonda,Lunch
"Taste was average, nothing special.",2024-06-05T00:00:00,Idli,Breakfast
"Fresh and tasty, good job by the kitchen.",2024-01-21T00:00:00,Bonda,Dinner
"Taste was average, nothing special.",2024-10-28T00:00:00,Bonda,Lunch
Good quality and well cooked.,2024-01-09T00:00:00,Ice Cream,Breakfast
"Fresh and tasty, good job by the kitchen.",2025-05-22T00:00:00,Sambar Rice,Dinner
The food tasted great today.,2025-05-14T00:00:00,Mutton Curry,Snacks
Portion size was perfect and taste was nice.,2025-08-28T00:00:00,Ice Cream,Dinner
The meal was okay.,2025-06-24T00:00:00,Vada,Lunch
Portion size was perfect and taste was nice.,2024-11-19T00:00:00,Idli,Dinner
Good quality and well cooked.,2025-10-25T00:00:00,Mutton Curry,Breakfast
The food tasted great today.,2025-05-21T00:00:00,Uggani,Dinner
"Neither good nor bad, just normal.",2024-01-22T00:00:00,Gulab Jamun,Dinner
"Amazing flavors, I loved the taste.",2024-07-15T00:00:00,Veg Curry,Snacks
The vegetables were overcooked and mushy.,2024-08-25T00:00:00,Vada,Snacks
Portion size was perfect and taste was nice.,2025-12-02T00:00:00,Fish Curry,Lunch
"Really enjoyed the meal, it was delicious.",2024-10-27T00:00:00,Samosa,Dinner
The meal was light and refreshing.,2025-11-20T00:00:00,Ice Cream,Dinner
The side dish mentioned in the menu was missing.,2024-06-14T00:00:00,Gulab Jamun,Dinner
The meal was okay.,2025-11-14T00:00:00,Chicken Biryani,Snacks
"Really enjoyed the meal, it was delicious.",2024-07-23T00:00:00,Vada,Lunch
The temperature of the food was not good.,2025-03-01T00:00:00,Veg Curry,Dinner
"Taste was average, nothing special.",2024-08-02T00:00:00,Vada,Snacks
The food tasted great today.,2025-01-02T00:00:00,Mutton Curry,Breakfast
"Amazing flavors, I loved the taste.",2024-06-11T00:00:00,Roti,Snacks
The meal was light and refreshing.,2024-03-06T00:00:00,Veg Curry,Breakfast
The food tasted great today.,2025-09-24T00:00:00,Samosa,Dinner
Portion size was perfect and taste was nice.,2024-08-17T00:00:00,Veg Biryani,Breakfast
Good quality and well cooked.,2024-12-29T00:00:00,Vada,Snacks
"Really enjoyed the meal, it was delicious.",2025-12-07T00:00:00,Dosa,Snacks
"Amazing flavors, I loved the taste.",2024-02-21T00:00:00,Fish Curry,Breakfast
The meal was okay.,2024-04-18T00:00:00,Bonda,Dinner
Portion size was perfect and taste was nice.,2024-04-17T00:00:00,Sambar Rice,Breakfast
The meal was light and refreshing.,2024-07-29T00:00:00,Veg Curry,Breakfast
"Amazing flavors, I loved the taste.",2024-10-26T00:00:00,Gulab Jamun,Lunch
"Amazing flavors, I loved the taste.",2024-04-11T00:00:00,Bonda,Dinner
Good quality and well cooked.,2024-05-21T00:00:00,Curd Rice,Snacks
"Fresh and tasty, good job by the kitchen.",2025-03-01T00:00:00,Sambar Rice,Lunch
The meal was light and refreshing.,2025-04-30T00:00:00,Idli,Lunch
Portion size was perfect and taste was nice.,2024-06-24T00:00:00,Samosa,Snacks
Good quality and well cooked.,2026-01-02T00:00:00,Pongal,Snacks
"Amazing flavors, I loved the taste.",2025-11-11T00:00:00,Uggani,Snacks
Decent meal overall.,2025-03-07T00:00:00,Veg Biryani,Lunch
The meal was light and refreshing.,2025-03-15T00:00:00,Veg Biryani,Lunch
"Fresh and tasty, good job by the kitchen.",2025-06-12T00:00:00,Uggani,Dinner
"Fresh and tasty, good job by the kitchen.",2024-05-29T00:00:00,Gulab Jamun,Breakfast
The food tasted great today.,2024-12-12T00:00:00,Idli,Breakfast
The meal was light and refreshing.,2024-06-17T00:00:00,Samosa,Dinner
"Fresh and tasty, good job by the kitchen.",2026-02-16T00:00:00,Uggani,Breakfast
Portion size was perfect and taste was nice.,2024-02-29T00:00:00,Dosa,Lunch
"Neither good nor bad, just normal.",2025-02-15T00:00:00,Fish Curry,Snacks
"Amazing flavors, I loved the taste.",2026-01-30T00:00:00,Mutton Curry,Snacks
The meal was okay.,2024-10-13T00:00:00,Samosa,Snacks
"Amazing flavors, I loved the taste.",2025-02-17T00:00:00,Fish Curry,Lunch
Portion size was perfect and taste was nice.,2025-10-01T00:00:00,Bonda,Lunch
"Neither good nor bad, just normal.",2024-07-21T00:00:00,Bonda,Snacks
The meal was cold and unpleasant.,2025-07-04T00:00:00,Paneer Curry,Breakfast
"Amazing flavors, I loved the taste.",2026-01-06T00:00:00,Samosa,Dinner
"Really enjoyed the meal, it was delicious.",2024-04-05T00:00:00,Curd Rice,Snacks
Decent meal overall.,2024-12-14T00:00:00,Fish Curry,Snacks
The meal was okay.,2025-07-06T00:00:00,Veg Curry,Breakfast
"It was fine, could be better.",2026-01-13T00:00:00,Roti,Lunch
"Amazing flavors, I loved the taste.",2024-03-02T00:00:00,Uggani,Breakfast
"Amazing flavors, I loved the taste.",2025-06-03T00:00:00,Gulab Jamun,Snacks
The food tasted great today.,2026-02-13T00:00:00,Gulab Jamun,Breakfast
"It was fine, could be better.",2025-08-09T00:00:00,Sambar Rice,Dinner
Good quality and well cooked.,2024-08-29T00:00:00,Idli,Dinner
Good quality and well cooked.,2024-11-02T00:00:00,Mutton Curry,Lunch
"Neither good nor bad, just normal.",2025-06-16T00:00:00,Paneer Curry,Lunch
"It was fine, could be better.",2025-06-12T00:00:00,Veg Biryani,Breakfast
"Fresh and tasty, good job by the kitchen.",2024-04-10T00:00:00,Chicken Biryani,Snacks
"Neither good nor bad, just normal.",2024-03-24T00:00:00,Curd Rice,Dinner
"Neither good nor bad, just normal.",2024-05-13T00:00:00,Pongal,Breakfast
"Fresh and tasty, good job by the kitchen.",2024-03-20T00:00:00,Vada,Lunch
Portion size was perfect and taste was nice.,2025-07-26T00:00:00,Gulab Jamun,Dinner
The meal was light and refreshing.,2024-09-27T00:00:00,Fish Curry,Dinner
"Neither good nor bad, just normal.",2025-12-06T00:00:00,Vada,Dinner
The meal was light and refreshing.,2024-06-15T00:00:00,Vada,Dinner
"Neither good nor bad, just normal.",2025-12-29T00:00:00,Curd Rice,Lunch
"Amazing flavors, I loved the taste.",2025-06-09T00:00:00,Bonda,Lunch
"Amazing flavors, I loved the taste.",2024-08-05T00:00:00,Fish Curry,Breakfast
The meal was cold and unpleasant.,2026-02-03T00:00:00,Bonda,Dinner
The meal was okay.,2025-09-08T00:00:00,Veg Curry,Snacks
The food tasted great today.,2025-01-13T00:00:00,Uggani,Breakfast
Portion size was perfect and taste was nice.,2024-06-05T00:00:00,Paneer Curry,Breakfast
"It was fine, could be better.",2025-01-18T00:00:00,Sambar Rice,Snacks
"Fresh and tasty, good job by the kitchen.",2024-01-29T00:00:00,Paneer Curry,Snacks
The meal was light and refreshing.,2025-08-26T00:00:00,Curd Rice,Lunch
Good quality and well cooked.,2024-10-17T00:00:00,Uggani,Breakfast
The meal was light and refreshing.,2026-01-27T00:00:00,Chicken Biryani,Lunch
The meal was okay.,2025-07-14T00:00:00,Vada,Breakfast
The meal was light and refreshing.,2024-02-15T00:00:00,Gulab Jamun,Breakfast
Portion size was perfect and taste was nice.,2024-11-13T00:00:00,Uggani,Dinner
The meal was light and refreshing.,2025-01-21T00:00:00,Bonda,Snacks
The meal was light and refreshing.,2024-05-21T00:00:00,Vada,Lunch
The meal was light and refreshing.,2025-04-05T00:00:00,Fish Curry,Dinner
"It was fine, could be better.",2024-04-01T00:00:00,Bonda,Lunch
"Really enjoyed the meal, it was delicious.",2025-02-08T00:00:00,Uggani,Dinner
"Amazing flavors, I loved the taste.",2025-03-29T00:00:00,Samosa,Breakfast
The meal was light and refreshing.,2024-06-18T00:00:00,Roti,Breakfast
Portion size was perfect and taste was nice.,2025-10-22T00:00:00,Idli,Snacks
"Really enjoyed the meal, it was delicious.",2025-09-25T00:00:00,Sambar Rice,Breakfast
The taste felt stale.,2025-06-18T00:00:00,Mutton Curry,Breakfast
Decent meal overall.,2024-01-20T00:00:00,Chicken Biryani,Dinner
The meal was okay.,2024-10-08T00:00:00,Sambar Rice,Lunch
The meal was light and refreshing.,2025-12-23T00:00:00,Chicken Biryani,Lunch
The meal was light and refreshing.,2025-06-30T00:00:00,Bonda,Breakfast
Decent meal overall.,2024-02-16T00:00:00,Samosa,Dinner
"It was fine, could be better.",2025-03-23T00:00:00,Vada,Breakfast
The meal was okay.,2025-06-24T00:00:00,Veg Curry,Dinner
Good quality and well cooked.,2024-04-03T00:00:00,Samosa,Dinner
Portion size was perfect and taste was nice.,2024-06-21T00:00:00,Sambar Rice,Breakfast
"Really enjoyed the meal, it was delicious.",2024-09-18T00:00:00,Paneer Curry,Lunch
Good quality and well cooked.,2025-02-21T00:00:00,Pongal,Lunch
Portion size was perfect and taste was nice.,2024-11-29T00:00:00,Veg Curry,Breakfast
The meal was okay.,2024-11-01T00:00:00,Veg Curry,Breakfast
"It was fine, could be better.",2024-05-25T00:00:00,Ice Cream,Breakfast
Good quality and well cooked.,2025-01-19T00:00:00,Uggani,Snacks
"Taste was average, nothing special.",2024-09-02T00:00:00,Sambar Rice,Breakfast
The roti was too hard.,2026-02-09T00:00:00,Veg Biryani,Dinner
The meal was okay.,2024-10-02T00:00:00,Fish Curry,Dinner
"Fresh and tasty, good job by the kitchen.",2025-07-20T00:00:00,Dosa,Snacks
"Fresh and tasty, good job by the kitchen.",2024-01-30T00:00:00,Uggani,Breakfast
The meal was okay.,2024-10-02T00:00:00,Uggani,Lunch
The flavors were bland and needed more seasoning.,2026-02-20T00:00:00,Mutton Curry,Breakfast
The food was too oily.,2025-08-04T00:00:00,Mutton Curry,Lunch
The meal was okay.,2025-10-13T00:00:00,Uggani,Dinner
"Taste was average, nothing special.",2025-01-17T00:00:00,Fish Curry,Lunch
The meal was light and refreshing.,2024-09-08T00:00:00,Mutton Curry,Lunch
Decent meal overall.,2025-04-07T00:00:00,Mutton Curry,Dinner
The meal was light and refreshing.,2025-04-20T00:00:00,Dosa,Breakfast
The food tasted great today.,2024-03-02T00:00:00,Paneer Curry,Lunch
Portion size was perfect and taste was nice.,2024-09-13T00:00:00,Vada,Snacks
The meal was light and refreshing.,2025-10-09T00:00:00,Ice Cream,Snacks
The food tasted great today.,2024-06-14T00:00:00,Chicken Biryani,Snacks
Good quality and well cooked.,2024-04-01T00:00:00,Mutton Curry,Breakfast
"Taste was average, nothing special.",2026-01-12T00:00:00,Ice Cream,Breakfast
"Neither good nor bad, just normal.",2024-08-03T00:00:00,Mutton Curry,Snacks
"Amazing flavors, I loved the taste.",2024-12-16T00:00:00,Fish Curry,Snacks
Good quality and well cooked.,2024-09-08T00:00:00,Roti,Dinner
"Taste was average, nothing special.",2025-04-15T00:00:00,Samosa,Snacks
"Amazing flavors, I loved the taste.",2024-05-16T00:00:00,Samosa,Breakfast
The food tasted great today.,2024-01-10T00:00:00,Idli,Dinner
Portion size was perfect and taste was nice.,2025-12-14T00:00:00,Veg Curry,Dinner
Portion size was perfect and taste was nice.,2024-03-24T00:00:00,Vada,Dinner
The meal was light and refreshing.,2025-11-18T00:00:00,Pongal,Breakfast
"It was fine, could be better.",2025-01-20T00:00:00,Bonda,Breakfast
"Really enjoyed the meal, it was delicious.",2026-02-25T00:00:00,Gulab Jamun,Dinner
"Fresh and tasty, good job by the kitchen.",2025-01-14T00:00:00,Idli,Breakfast
The food tasted great today.,2024-08-14T00:00:00,Chicken Biryani,Dinner
"Amazing flavors, I loved the taste.",2025-12-27T00:00:00,Idli,Snacks
The food tasted great today.,2025-09-20T00:00:00,Gulab Jamun,Lunch
The flavors were bland and needed more seasoning.,2025-05-20T00:00:00,Paneer Curry,Lunch
"It was fine, could be better.",2025-05-19T00:00:00,Gulab Jamun,Breakfast
"Really enjoyed the meal, it was delicious.",2025-10-15T00:00:00,Chicken Biryani,Breakfast
The meal was light and refreshing.,2024-10-11T00:00:00,Ice Cream,Breakfast
"Really enjoyed the meal, it was delicious.",2025-07-19T00:00:00,Fish Curry,Dinner
The food tasted great today.,2025-08-25T00:00:00,Chicken Biryani,Lunch
"Taste was average, nothing special.",2024-09-22T00:00:00,Curd Rice,Breakfast
"Really enjoyed the meal, it was delicious.",2025-11-25T00:00:00,Veg Biryani,Snacks
"Amazing flavors, I loved the taste.",2025-07-27T00:00:00,Idli,Snacks
"Fresh and tasty, good job by the kitchen.",2025-10-18T00:00:00,Bonda,Breakfast
"Neither good nor bad, just normal.",2025-02-20T00:00:00,Dosa,Snacks
Decent meal overall.,2025-04-22T00:00:00,Roti,Breakfast
Portion size was perfect and taste was nice.,2026-02-16T00:00:00,Vada,Snacks
The food tasted great today.,2024-10-11T00:00:00,Dosa,Lunch
Good quality and well cooked.,2024-01-06T00:00:00,Uggani,Dinner
"It was fine, could be better.",2024-03-24T00:00:00,Ice Cream,Lunch
"Amazing flavors, I loved the taste.",2025-03-09T00:00:00,Idli,Lunch
The food was too spicy.,2024-06-17T00:00:00,Pongal,Lunch
The food tasted great today.,2025-10-03T00:00:00,Samosa,Snacks
"Neither good nor bad, just normal.",2025-03-18T00:00:00,Sambar Rice,Breakfast
The meal was light and refreshing.,2024-09-13T00:00:00,Idli,Snacks
"Neither good nor bad, just normal.",2024-09-01T00:00:00,Veg Biryani,Breakfast
The meal was light and refreshing.,2024-12-07T00:00:00,Samosa,Breakfast
The food tasted great today.,2025-09-06T00:00:00,Fish Curry,Lunch
"Amazing flavors, I loved the taste.",2025-04-02T00:00:00,Bonda,Breakfast
The food tasted great today.,2024-02-04T00:00:00,Sambar Rice,Breakfast
The food was served very late.,2025-12-11T00:00:00,Ice Cream,Snacks
The meal was okay.,2025-03-28T00:00:00,Pongal,Lunch
Portion size was perfect and taste was nice.,2025-10-03T00:00:00,Dosa,Snacks
The meal was okay.,2025-11-24T00:00:00,Uggani,Breakfast
Good quality and well cooked.,2025-01-25T00:00:00,Dosa,Breakfast
Portion size was perfect and taste was nice.,2026-02-09T00:00:00,Ice Cream,Breakfast
The meal was light and refreshing.,2025-09-05T00:00:00,Uggani,Lunch
"Fresh and tasty, good job by the kitchen.",2025-04-20T00:00:00,Idli,Dinner
Good quality and well cooked.,2025-10-28T00:00:00,Uggani,Breakfast
Portion size was perfect and taste was nice.,2024-12-02T00:00:00,Idli,Dinner
The meal was okay.,2024-01-13T00:00:00,Chicken Biryani,Breakfast
Portion size was perfect and taste was nice.,2024-05-09T00:00:00,Pongal,Lunch
Good quality and well cooked.,2025-03-07T00:00:00,Fish Curry,Snacks
"Really enjoyed the meal, it was delicious.",2024-09-05T00:00:00,Vada,Dinner
The food tasted great today.,2024-05-10T00:00:00,Curd Rice,Breakfast
Portion size was perfect and taste was nice.,2025-10-29T00:00:00,Paneer Curry,Dinner
Portion size was perfect and taste was nice.,2025-07-08T00:00:00,Gulab Jamun,Snacks
"Fresh and tasty, good job by the kitchen.",2024-11-12T00:00:00,Curd Rice,Lunch
Good quality and well cooked.,2024-01-09T00:00:00,Samosa,Snacks
The food tasted great today.,2024-08-31T00:00:00,Fish Curry,Lunch
"Fresh and tasty, good job by the kitchen.",2024-12-18T00:00:00,Fish Curry,Breakfast
"Amazing flavors, I loved the taste.",2024-07-25T00:00:00,Chicken Biryani,Lunch
"Really enjoyed the meal, it was delicious.",2025-11-14T00:00:00,Pongal,Snacks
Decent meal overall.,2025-12-10T00:00:00,Vada,Dinner
Portion size was perfect and taste was nice.,2024-11-02T00:00:00,Samosa,Snacks
"Taste was average, nothing special.",2024-04-17T00:00:00,Uggani,Snacks
The texture of the dish was not good.,2024-08-12T00:00:00,Bonda,Breakfast
"Taste was average, nothing special.",2025-04-22T00:00:00,Idli,Lunch
"Neither good nor bad, just normal.",2026-01-22T00:00:00,Chicken Biryani,Lunch
"Really enjoyed the meal, it was delicious.",2025-02-13T00:00:00,Samosa,Dinner
Good quality and well cooked.,2024-01-11T00:00:00,Veg Curry,Breakfast
The meal was okay.,2025-07-22T00:00:00,Pongal,Snacks
Good quality and well cooked.,2025-03-26T00:00:00,Sambar Rice,Lunch
The meal was cold and unpleasant.,2024-01-31T00:00:00,Chicken Biryani,Snacks
Good quality and well cooked.,2024-06-27T00:00:00,Chicken Biryani,Lunch
"Amazing flavors, I loved the taste.",2024-06-27T00:00:00,Veg Biryani,Snacks
"Really enjoyed the meal, it was delicious.",2024-07-19T00:00:00,Samosa,Lunch
The meal was light and refreshing.,2024-09-25T00:00:00,Idli,Lunch
The meal was light and refreshing.,2025-11-24T00:00:00,Sambar Rice,Breakfast
"Amazing flavors, I loved the taste.",2024-04-23T00:00:00,Curd Rice,Dinner
"It was fine, could be better.",2025-04-12T00:00:00,Samosa,Lunch
"It was fine, could be better.",2025-11-07T00:00:00,Veg Biryani,Snacks
"Amazing flavors, I loved the taste.",2024-03-07T00:00:00,Veg Curry,Dinner
"Really enjoyed the meal, it was delicious.",2024-07-13T00:00:00,Sambar Rice,Lunch
"Amazing flavors, I loved the taste.",2025-01-18T00:00:00,Chicken Biryani,Dinner
The quality was inconsistent this week.,2024-09-07T00:00:00,Samosa,Dinner
The meal was light and refreshing.,2025-07-02T00:00:00,Dosa,Lunch
Good quality and well cooked.,2024-09-10T00:00:00,Paneer Curry,Lunch
The meal was light and refreshing.,2024-05-09T00:00:00,Dosa,Snacks
"Really enjoyed the meal, it was delicious.",2026-01-14T00:00:00,Fish Curry,Dinner
Decent meal overall.,2024-03-07T00:00:00,Pongal,Dinner
The meal was light and refreshing.,2025-10-22T00:00:00,Veg Curry,Dinner
"Neither good nor bad, just normal.",2025-06-15T00:00:00,Fish Curry,Snacks
"It was fine, could be better.",2025-12-30T00:00:00,Bonda,Lunch
"Neither good nor bad, just normal.",2025-04-30T00:00:00,Gulab Jamun,Dinner
"Amazing flavors, I loved the taste.",2025-08-20T00:00:00,Roti,Dinner
"Really enjoyed the meal, it was delicious.",2024-07-26T00:00:00,Dosa,Lunch
"Fresh and tasty, good job by the kitchen.",2024-08-11T00:00:00,Bonda,Lunch
"Fresh and tasty, good job by the kitchen.",2025-08-08T00:00:00,Paneer Curry,Dinner
Good quality and well cooked.,2025-07-17T00:00:00,Veg Curry,Snacks
The meal was light and refreshing.,2024-03-27T00:00:00,Pongal,Lunch
Portion size was perfect and taste was nice.,2024-12-26T00:00:00,Paneer Curry,Dinner
"Neither good nor bad, just normal.",2025-06-08T00:00:00,Veg Biryani,Breakfast
"Neither good nor bad, just normal.",2025-04-23T00:00:00,Samosa,Dinner
Good quality and well cooked.,2025-05-24T00:00:00,Uggani,Dinner
"Fresh and tasty, good job by the kitchen.",2024-01-26T00:00:00,Samosa,Snacks
"Really enjoyed the meal, it was delicious.",2024-09-28T00:00:00,Veg Curry,Dinner
The food tasted great today.,2024-10-28T00:00:00,Pongal,Snacks
The meal was light and refreshing.,2024-10-10T00:00:00,Fish Curry,Breakfast
The food tasted great today.,2024-03-14T00:00:00,Veg Biryani,Breakfast
Portion size was perfect and taste was nice.,2024-07-24T00:00:00,Gulab Jamun,Breakfast
"Amazing flavors, I loved the taste.",2024-12-03T00:00:00,Samosa,Lunch
"It was fine, could be better.",2024-07-14T00:00:00,Roti,Snacks
The food tasted great today.,2026-02-27T00:00:00,Curd Rice,Snacks
The meal was light and refreshing.,2024-12-20T00:00:00,Paneer Curry,Snacks
The meal was light and refreshing.,2025-08-16T00:00:00,Ice Cream,Dinner
"Amazing flavors, I loved the taste.",2025-06-08T00:00:00,Idli,Dinner
The flavors were bland and needed more seasoning.,2024-08-20T00:00:00,Curd Rice,Dinner
"Taste was average, nothing special.",2025-06-12T00:00:00,Chicken Biryani,Dinner
"Amazing flavors, I loved the taste.",2025-04-17T00:00:00,Mutton Curry,Dinner
Good quality and well cooked.,2024-07-11T00:00:00,Samosa,Breakfast
"Really enjoyed the meal, it was delicious.",2025-03-25T00:00:00,Uggani,Dinner
Good quality and well cooked.,2024-05-22T00:00:00,Bonda,Breakfast
"Amazing flavors, I loved the taste.",2024-01-10T00:00:00,Curd Rice,Snacks
"It was fine, could be better.",2024-08-18T00:00:00,Vada,Snacks
"Amazing flavors, I loved the taste.",2026-02-09T00:00:00,Uggani,Dinner
Good quality and well cooked.,2025-08-24T00:00:00,Ice Cream,Snacks
"Really enjoyed the meal, it was delicious.",2024-06-06T00:00:00,Idli,Breakfast
"Fresh and tasty, good job by the kitchen.",2024-07-28T00:00:00,Samosa,Dinner
Decent meal overall.,2025-01-30T00:00:00,Ice Cream,Breakfast
The meal was okay.,2024-12-02T00:00:00,Chicken Biryani,Dinner
The food tasted great today.,2024-06-24T00:00:00,Bonda,Snacks
The food tasted great today.,2025-12-06T00:00:00,Sambar Rice,Lunch
"Really enjoyed the meal, it was delicious.",2024-07-22T00:00:00,Vada,Breakfast
"It was fine, could be better.",2024-07-29T00:00:00,Pongal,Dinner
"Amazing flavors, I loved the taste.",2025-06-20T00:00:00,Veg Biryani,Snacks
The meal was okay.,2025-01-12T00:00:00,Pongal,Dinner
"Really enjoyed the meal, it was delicious.",2024-11-30T00:00:00,Fish Curry,Breakfast
"Taste was average, nothing special.",2024-04-23T00:00:00,Uggani,Dinner
"Fresh and tasty, good job by the kitchen.",2026-01-30T00:00:00,Curd Rice,Dinner
The meal was light and refreshing.,2024-07-30T00:00:00,Pongal,Dinner
Good quality and well cooked.,2025-03-18T00:00:00,Curd Rice,Lunch
Portion size was perfect and taste was nice.,2025-08-11T00:00:00,Vada,Lunch
Portion size was perfect and taste was nice.,2026-01-03T00:00:00,Paneer Curry,Lunch
"Really enjoyed the meal, it was delicious.",2024-01-08T00:00:00,Bonda,Snacks
The food tasted great today.,2025-02-12T00:00:00,Curd Rice,Dinner
Portion size was perfect and taste was nice.,2025-05-17T00:00:00,Veg Biryani,Snacks
Portion size was perfect and taste was nice.,2024-02-10T00:00:00,Bonda,Dinner
"Amazing flavors, I loved the taste.",2025-04-12T00:00:00,Pongal,Snacks
"Fresh and tasty, good job by the kitchen.",2025-09-19T00:00:00,Gulab Jamun,Snacks
"Taste was average, nothing special.",2024-07-02T00:00:00,Veg Curry,Dinner
"Fresh and tasty, good job by the kitchen.",2025-11-05T00:00:00,Uggani,Dinner
"Neither good nor bad, just normal.",2025-12-16T00:00:00,Veg Curry,Breakfast
"Taste was average, nothing special.",2024-10-07T00:00:00,Dosa,Lunch
The meal was okay.,2025-12-15T00:00:00,Mutton Curry,Snacks
"Fresh and tasty, good job by the kitchen.",2026-02-19T00:00:00,Chicken Biryani,Dinner
Good quality and well cooked.,2024-03-19T00:00:00,Mutton Curry,Breakfast
"Fresh and tasty, good job by the kitchen.",2025-04-06T00:00:00,Sambar Rice,Snacks
"Really enjoyed the meal, it was delicious.",2025-06-02T00:00:00,Veg Curry,Snacks
The food tasted great today.,2024-03-15T00:00:00,Dosa,Dinner
"It was fine, could be better.",2026-02-02T00:00:00,Bonda,Dinner
"Neither good nor bad, just normal.",2024-02-08T00:00:00,Ice Cream,Lunch
The food tasted great today.,2025-12-27T00:00:00,Idli,Snacks
"Neither good nor bad, just normal.",2025-05-11T00:00:00,Curd Rice,Snacks
The food tasted great today.,2025-07-15T00:00:00,Bonda,Breakfast
The meal was too salty.,2025-04-27T00:00:00,Veg Biryani,Dinner
"Really enjoyed the meal, it was delicious.",2024-01-19T00:00:00,Roti,Lunch
Good quality and well cooked.,2024-05-07T00:00:00,Sambar Rice,Lunch
"Taste was average, nothing special.",2024-03-20T00:00:00,Mutton Curry,Dinner
"Really enjoyed the meal, it was delicious.",2025-03-27T00:00:00,Idli,Snacks
"Really enjoyed the meal, it was delicious.",2026-01-01T00:00:00,Gulab Jamun,Lunch
"Fresh and tasty, good job by the kitchen.",2025-12-14T00:00:00,Dosa,Lunch
"Fresh and tasty, good job by the kitchen.",2025-12-07T00:00:00,Dosa,Breakfast
The food tasted great today.,2025-09-04T00:00:00,Paneer Curry,Dinner
"Neither good nor bad, just normal.",2026-02-24T00:00:00,Idli,Breakfast
Good quality and well cooked.,2024-09-01T00:00:00,Chicken Biryani,Lunch
The meal was okay.,2025-03-07T00:00:00,Chicken Biryani,Breakfast
Good quality and well cooked.,2024-07-15T00:00:00,Idli,Breakfast
The food tasted great today.,2025-11-11T00:00:00,Pongal,Lunch
The meal was okay.,2025-03-01T00:00:00,Veg Curry,Lunch
The meal was light and refreshing.,2024-11-30T00:00:00,Fish Curry,Breakfast
Portion size was perfect and taste was nice.,2024-07-31T00:00:00,Samosa,Lunch
"Fresh and tasty, good job by the kitchen.",2024-05-03T00:00:00,Mutton Curry,Dinner
The food tasted great today.,2024-12-31T00:00:00,Veg Biryani,Lunch
The food tasted great today.,2025-02-15T00:00:00,Samosa,Lunch
"Fresh and tasty, good job by the kitchen.",2024-08-05T00:00:00,Samosa,Breakfast
The food tasted great today.,2025-11-04T00:00:00,Bonda,Lunch
The food tasted great today.,2024-03-09T00:00:00,Roti,Snacks
"It was fine, could be better.",2026-02-24T00:00:00,Chicken Biryani,Dinner
"Amazing flavors, I loved the taste.",2025-07-03T00:00:00,Vada,Breakfast
The meal was okay.,2025-09-06T00:00:00,Veg Curry,Snacks
"Amazing flavors, I loved the taste.",2025-12-11T00:00:00,Samosa,Dinner
"Taste was average, nothing special.",2025-10-12T00:00:00,Curd Rice,Snacks
The meal was okay.,2024-12-09T00:00:00,Samosa,Dinner
"Fresh and tasty, good job by the kitchen.",2025-06-07T00:00:00,Idli,Dinner
"Really enjoyed the meal, it was delicious.",2024-01-22T00:00:00,Veg Biryani,Breakfast
"Really enjoyed the meal, it was delicious.",2026-01-25T00:00:00,Sambar Rice,Snacks
Portion size was perfect and taste was nice.,2024-03-22T00:00:00,Uggani,Lunch
Good quality and well cooked.,2025-05-25T00:00:00,Dosa,Lunch
"Really enjoyed the meal, it was delicious.",2025-01-19T00:00:00,Paneer Curry,Lunch
"Really enjoyed the meal, it was delicious.",2026-01-12T00:00:00,Chicken Biryani,Breakfast
"Really enjoyed the meal, it was delicious.",2024-10-11T00:00:00,Bonda,Snacks
Portion size was perfect and taste was nice.,2025-02-28T00:00:00,Samosa,Breakfast
"Really enjoyed the meal, it was delicious.",2026-01-20T00:00:00,Paneer Curry,Breakfast
"Taste was average, nothing special.",2024-07-29T00:00:00,Samosa,Snacks
"Amazing flavors, I loved the taste.",2024-09-11T00:00:00,Mutton Curry,Breakfast
Portion size was perfect and taste was nice.,2024-11-25T00:00:00,Veg Biryani,Dinner
"Amazing flavors, I loved the taste.",2024-01-07T00:00:00,Veg Curry,Dinner
The food was too hot and overcooked.,2024-07-16T00:00:00,Pongal,Dinner
"Really enjoyed the meal, it was delicious.",2024-05-08T00:00:00,Dosa,Lunch
Portion size was perfect and taste was nice.,2025-07-16T00:00:00,Pongal,Lunch
Portion size was perfect and taste was nice.,2024-03-21T00:00:00,Chicken Biryani,Lunch
Good quality and well cooked.,2024-06-17T00:00:00,Uggani,Dinner
"Fresh and tasty, good job by the kitchen.",2024-06-29T00:00:00,Chicken Biryani,Lunch
Good quality and well cooked.,2025-08-13T00:00:00,Veg Biryani,Snacks
Good quality and well cooked.,2025-05-07T00:00:00,Bonda,Lunch
The food was not cooked properly.,2025-01-21T00:00:00,Pongal,Snacks
"Fresh and tasty, good job by the kitchen.",2025-03-08T00:00:00,Veg Curry,Dinner
The meal was light and refreshing.,2024-06-08T00:00:00,Fish Curry,Dinner
"Neither good nor bad, just normal.",2025-03-13T00:00:00,Vada,Breakfast
Portion size was perfect and taste was nice.,2025-07-04T00:00:00,Pongal,Snacks
"It was fine, could be better.",2025-01-24T00:00:00,Curd Rice,Lunch
"Fresh and tasty, good job by the kitchen.",2024-10-17T00:00:00,Bonda,Snacks
The meal was okay.,2024-12-07T00:00:00,Ice Cream,Dinner
"Taste was average, nothing special.",2024-06-07T00:00:00,Curd Rice,Dinner
The meal was okay.,2025-05-27T00:00:00,Chicken Biryani,Breakfast
"Neither good nor bad, just normal.",2025-03-01T00:00:00,Gulab Jamun,Dinner
"Fresh and tasty, good job by the kitchen.",2025-05-16T00:00:00,Ice Cream,Snacks
"Fresh and tasty, good job by the kitchen.",2024-02-09T00:00:00,Paneer Curry,Breakfast
Portion size was perfect and taste was nice.,2024-06-15T00:00:00,Sambar Rice,Dinner
Good quality and well cooked.,2026-02-08T00:00:00,Chicken Biryani,Dinner
"Amazing flavors, I loved the taste.",2025-12-06T00:00:00,Gulab Jamun,Dinner
"Amazing flavors, I loved the taste.",2025-01-29T00:00:00,Gulab Jamun,Breakfast
"Taste was average, nothing special.",2025-05-04T00:00:00,Uggani,Lunch
"Amazing flavors, I loved the taste.",2025-12-24T00:00:00,Dosa,Snacks
Good quality and well cooked.,2025-09-11T00:00:00,Idli,Lunch
Good quality and well cooked.,2024-09-10T00:00:00,Bonda,Lunch
The meal was okay.,2024-04-04T00:00:00,Veg Curry,Breakfast
Decent meal overall.,2024-03-23T00:00:00,Ice Cream,Dinner
"Fresh and tasty, good job by the kitchen.",2024-06-18T00:00:00,Fish Curry,Lunch
"Amazing flavors, I loved the taste.",2024-11-05T00:00:00,Uggani,Snacks
The taste felt stale.,2024-11-11T00:00:00,Fish Curry,Dinner
The food tasted great today.,2025-10-13T00:00:00,Uggani,Breakfast
Good quality and well cooked.,2026-02-05T00:00:00,Gulab Jamun,Lunch
"Amazing flavors, I loved the taste.",2024-11-11T00:00:00,Chicken Biryani,Dinner
The meal was light and refreshing.,2025-05-18T00:00:00,Idli,Lunch
The food tasted great today.,2025-12-14T00:00:00,Idli,Breakfast
"Amazing flavors, I loved the taste.",2024-10-22T00:00:00,Uggani,Dinner
The meal was not salty enough.,2025-01-18T00:00:00,Uggani,Lunch
"Really enjoyed the meal, it was delicious.",2025-05-13T00:00:00,Veg Curry,Lunch
"Fresh and tasty, good job by the kitchen.",2025-08-03T00:00:00,Veg Curry,Breakfast
"Taste was average, nothing special.",2024-03-01T00:00:00,Chicken Biryani,Lunch
Good quality and well cooked.,2025-02-22T00:00:00,Veg Curry,Lunch
The meal was light and refreshing.,2025-10-13T00:00:00,Bonda,Breakfast
Good quality and well cooked.,2024-03-28T00:00:00,Veg Curry,Breakfast
Good quality and well cooked.,2024-03-06T00:00:00,Ice Cream,Breakfast
Decent meal overall.,2024-08-28T00:00:00,Samosa,Breakfast
"Amazing flavors, I loved the taste.",2026-02-17T00:00:00,Vada,Dinner
The meal was okay.,2024-09-29T00:00:00,Sambar Rice,Breakfast
The food tasted great today.,2024-08-04T00:00:00,Idli,Breakfast
The food was not cooked properly.,2025-09-09T00:00:00,Fish Curry,Breakfast
"Neither good nor bad, just normal.",2025-04-29T00:00:00,Fish Curry,Snacks
Good quality and well cooked.,2025-01-14T00:00:00,Samosa,Dinner
The meal was light and refreshing.,2024-09-02T00:00:00,Samosa,Snacks
"Fresh and tasty, good job by the kitchen.",2025-09-17T00:00:00,Gulab Jamun,Dinner
"It was fine, could be better.",2024-04-12T00:00:00,Dosa,Snacks
The meal was light and refreshing.,2025-12-16T00:00:00,Idli,Dinner
The meal was okay.,2025-09-08T00:00:00,Ice Cream,Lunch
"Amazing flavors, I loved the taste.",2026-02-08T00:00:00,Sambar Rice,Snacks
"Fresh and tasty, good job by the kitchen.",2025-09-25T00:00:00,Veg Biryani,Snacks
"Taste was average, nothing special.",2024-01-04T00:00:00,Vada,Dinner
The quality was inconsistent this week.,2025-01-03T00:00:00,Samosa,Breakfast
"Amazing flavors, I loved the taste.",2025-03-30T00:00:00,Dosa,Snacks
"Fresh and tasty, good job by the kitchen.",2026-01-26T00:00:00,Veg Biryani,Dinner
The rice was undercooked.,2025-05-02T00:00:00,Pongal,Snacks
"It was fine, could be better.",2025-09-13T00:00:00,Sambar Rice,Dinner
The meal was light and refreshing.,2025-06-16T00:00:00,Chicken Biryani,Lunch
"Really enjoyed the meal, it was delicious.",2025-05-24T00:00:00,Fish Curry,Breakfast
Decent meal overall.,2025-04-23T00:00:00,Pongal,Snacks
The food tasted great today.,2025-05-08T00:00:00,Veg Curry,Dinner
"Really enjoyed the meal, it was delicious.",2024-08-04T00:00:00,Mutton Curry,Lunch
The food tasted great today.,2025-03-21T00:00:00,Veg Curry,Breakfast
Good quality and well cooked.,2025-01-27T00:00:00,Idli,Lunch
"Amazing flavors, I loved the taste.",2024-09-20T00:00:00,Roti,Lunch
"Amazing flavors, I loved the taste.",2024-05-19T00:00:00,Vada,Breakfast
The food tasted great today.,2025-12-09T00:00:00,Mutton Curry,Dinner
Portion size was perfect and taste was nice.,2026-02-23T00:00:00,Samosa,Lunch
"Fresh and tasty, good job by the kitchen.",2026-01-04T00:00:00,Pongal,Snacks
The meal was light and refreshing.,2024-08-26T00:00:00,Ice Cream,Dinner
The meal was okay.,2024-10-24T00:00:00,Veg Biryani,Snacks
The food was too hot and overcooked.,2024-12-14T00:00:00,Pongal,Breakfast
Portion size was perfect and taste was nice.,2025-01-11T00:00:00,Chicken Biryani,Breakfast
"Fresh and tasty, good job by the kitchen.",2025-08-13T00:00:00,Curd Rice,Snacks
The food tasted great today.,2025-08-27T00:00:00,Idli,Snacks
The meal was light and refreshing.,2025-02-01T00:00:00,Mutton Curry,Lunch
"It was fine, could be better.",2025-11-26T00:00:00,Uggani,Snacks
The food tasted great today.,2025-02-08T00:00:00,Curd Rice,Lunch
Good quality and well cooked.,2024-05-28T00:00:00,Idli,Dinner
"Fresh and tasty, good job by the kitchen.",2025-11-27T00:00:00,Paneer Curry,Lunch
Decent meal overall.,2024-10-17T00:00:00,Bonda,Lunch
Portion size was perfect and taste was nice.,2024-11-23T00:00:00,Curd Rice,Breakfast
Good quality and well cooked.,2025-12-24T00:00:00,Paneer Curry,Breakfast
"Fresh and tasty, good job by the kitchen.",2024-10-25T00:00:00,Vada,Lunch
"It was fine, could be better.",2024-06-05T00:00:00,Ice Cream,Breakfast
"Amazing flavors, I loved the taste.",2026-01-23T00:00:00,Chicken Biryani,Lunch
The meal was light and refreshing.,2025-05-14T00:00:00,Dosa,Lunch
The meal was light and refreshing.,2025-11-06T00:00:00,Ice Cream,Snacks
Portion size was perfect and taste was nice.,2025-02-05T00:00:00,Veg Curry,Breakfast
"Amazing flavors, I loved the taste.",2025-04-29T00:00:00,Samosa,Dinner
"Fresh and tasty, good job by the kitchen.",2024-03-14T00:00:00,Gulab Jamun,Dinner
Good quality and well cooked.,2025-12-14T00:00:00,Fish Curry,Snacks
The food tasted great today.,2024-05-14T00:00:00,Chicken Biryani,Dinner
The meal was light and refreshing.,2025-12-27T00:00:00,Samosa,Breakfast
The quality was inconsistent this week.,2024-06-16T00:00:00,Paneer Curry,Dinner
"Amazing flavors, I loved the taste.",2025-05-09T00:00:00,Curd Rice,Dinner
"Really enjoyed the meal, it was delicious.",2024-08-11T00:00:00,Paneer Curry,Lunch
Good quality and well cooked.,2026-01-13T00:00:00,Chicken Biryani,Breakfast
"Neither good nor bad, just normal.",2025-03-13T00:00:00,Sambar Rice,Lunch
The food tasted great today.,2024-12-30T00:00:00,Veg Curry,Breakfast
The meal was okay.,2024-04-30T00:00:00,Vada,Lunch
Portion size was perfect and taste was nice.,2025-03-20T00:00:00,Fish Curry,Snacks
"Taste was average, nothing special.",2024-02-04T00:00:00,Curd Rice,Dinner
"Fresh and tasty, good job by the kitchen.",2025-05-15T00:00:00,Sambar Rice,Lunch
"Amazing flavors, I loved the taste.",2026-02-02T00:00:00,Paneer Curry,Lunch
"Neither good nor bad, just normal.",2025-10-27T00:00:00,Ice Cream,Breakfast
"Amazing flavors, I loved the taste.",2025-10-30T00:00:00,Ice Cream,Snacks
The food tasted great today.,2024-05-02T00:00:00,Bonda,Snacks
The food tasted great today.,2025-05-15T00:00:00,Sambar Rice,Breakfast
The food tasted great today.,2025-08-23T00:00:00,Fish Curry,Lunch
"Amazing flavors, I loved the taste.",2026-02-02T00:00:00,Vada,Snacks
"Fresh and tasty, good job by the kitchen.",2025-05-10T00:00:00,Sambar Rice,Lunch
Portion size was perfect and taste was nice.,2024-05-08T00:00:00,Uggani,Snacks
The food tasted great today.,2025-12-31T00:00:00,Sambar Rice,Snacks
"Fresh and tasty, good job by the kitchen.",2025-12-18T00:00:00,Mutton Curry,Lunch
Portion size was perfect and taste was nice.,2025-07-03T00:00:00,Idli,Dinner
The food tasted great today.,2025-06-15T00:00:00,Fish Curry,Dinner
The meal was light and refreshing.,2026-02-10T00:00:00,Mutton Curry,Breakfast
"Taste was average, nothing special.",2025-09-05T00:00:00,Chicken Biryani,Breakfast
Decent meal overall.,2025-04-02T00:00:00,Veg Curry,Breakfast
The food tasted great today.,2024-05-11T00:00:00,Samosa,Breakfast
The food tasted great today.,2025-07-29T00:00:00,Chicken Biryani,Lunch
The food tasted great today.,2024-05-07T00:00:00,Roti,Breakfast
Good quality and well cooked.,2025-07-11T00:00:00,Fish Curry,Snacks
"Amazing flavors, I loved the taste.",2024-01-01T00:00:00,Veg Curry,Dinner
The meal was okay.,2025-06-15T00:00:00,Veg Biryani,Snacks
"Really enjoyed the meal, it was delicious.",2025-08-13T00:00:00,Paneer Curry,Dinner
Portion size was perfect and taste was nice.,2024-12-26T00:00:00,Vada,Snacks
"Amazing flavors, I loved the taste.",2024-04-11T00:00:00,Mutton Curry,Lunch
The food tasted great today.,2024-07-11T00:00:00,Dosa,Lunch
"Taste was average, nothing special.",2024-05-17T00:00:00,Curd Rice,Snacks
Portion size was perfect and taste was nice.,2025-01-02T00:00:00,Mutton Curry,Lunch
"Amazing flavors, I loved the taste.",2025-09-29T00:00:00,Roti,Lunch
Portion size was perfect and taste was nice.,2024-09-18T00:00:00,Uggani,Breakfast
"Amazing flavors, I loved the taste.",2024-06-16T00:00:00,Roti,Dinner
The food tasted great today.,2024-09-17T00:00:00,Ice Cream,Dinner
Decent meal overall.,2024-07-27T00:00:00,Uggani,Lunch
"Taste was average, nothing special.",2026-01-01T00:00:00,Pongal,Snacks
"Fresh and tasty, good job by the kitchen.",2024-06-06T00:00:00,Gulab Jamun,Lunch
"Fresh and tasty, good job by the kitchen.",2024-01-27T00:00:00,Samosa,Dinner
Good quality and well cooked.,2024-05-07T00:00:00,Veg Biryani,Breakfast
"Amazing flavors, I loved the taste.",2025-07-15T00:00:00,Mutton Curry,Breakfast
Good quality and well cooked.,2025-10-17T00:00:00,Uggani,Breakfast
"It was fine, could be better.",2024-10-06T00:00:00,Pongal,Snacks
"It was fine, could be better.",2024-01-11T00:00:00,Curd Rice,Lunch
"Really enjoyed the meal, it was delicious.",2025-01-22T00:00:00,Sambar Rice,Dinner
"Really enjoyed the meal, it was delicious.",2025-06-23T00:00:00,Sambar Rice,Breakfast
The food tasted great today.,2025-06-25T00:00:00,Paneer Curry,Dinner
Portion size was perfect and taste was nice.,2024-10-04T00:00:00,Gulab Jamun,Snacks
"Really enjoyed the meal, it was delicious.",2024-11-21T00:00:00,Sambar Rice,Breakfast
"It was fine, could be better.",2026-01-29T00:00:00,Ice Cream,Lunch
"Fresh and tasty, good job by the kitchen.",2025-08-29T00:00:00,Mutton Curry,Dinner
The meal was okay.,2025-12-04T00:00:00,Curd Rice,Snacks
"Amazing flavors, I loved the taste.",2024-05-09T00:00:00,Fish Curry,Lunch
Decent meal overall.,2026-01-23T00:00:00,Curd Rice,Dinner
"Amazing flavors, I loved the taste.",2025-10-16T00:00:00,Roti,Breakfast
Decent meal overall.,2025-03-04T00:00:00,Gulab Jamun,Lunch
"Fresh and tasty, good job by the kitchen.",2024-12-28T00:00:00,Bonda,Lunch
Good quality and well cooked.,2025-03-14T00:00:00,Bonda,Snacks
Good quality and well cooked.,2025-10-12T00:00:00,Fish Curry,Lunch
"Fresh and tasty, good job by the kitchen.",2024-11-16T00:00:00,Pongal,Snacks
The meal was okay.,2026-01-17T00:00:00,Pongal,Breakfast
The meal was not salty enough.,2025-08-12T00:00:00,Veg Biryani,Breakfast
"Amazing flavors, I loved the taste.",2024-10-19T00:00:00,Dosa,Breakfast
The meal was light and refreshing.,2024-01-11T00:00:00,Mutton Curry,Dinner
"Fresh and tasty, good job by the kitchen.",2025-05-24T00:00:00,Uggani,Lunch
"Fresh and tasty, good job by the kitchen.",2024-01-15T00:00:00,Fish Curry,Breakfast
"Neither good nor bad, just normal.",2025-12-20T00:00:00,Chicken Biryani,Breakfast
"Really enjoyed the meal, it was delicious.",2026-01-26T00:00:00,Mutton Curry,Snacks
Portion size was perfect and taste was nice.,2025-04-04T00:00:00,Fish Curry,Breakfast
"Really enjoyed the meal, it was delicious.",2024-03-17T00:00:00,Veg Curry,Lunch
Portion size was perfect and taste was nice.,2024-12-27T00:00:00,Gulab Jamun,Lunch
"Fresh and tasty, good job by the kitchen.",2025-01-23T00:00:00,Dosa,Dinner
The food tasted great today.,2024-12-12T00:00:00,Veg Curry,Snacks
"It was fine, could be better.",2024-11-02T00:00:00,Veg Biryani,Breakfast
Good quality and well cooked.,2024-08-06T00:00:00,Vada,Snacks
"Taste was average, nothing special.",2024-11-08T00:00:00,Idli,Dinner
"Fresh and tasty, good job by the kitchen.",2025-09-24T00:00:00,Fish Curry,Breakfast
The food felt heavy and greasy.,2024-01-07T00:00:00,Vada,Breakfast
Good quality and well cooked.,2024-12-28T00:00:00,Bonda,Snacks
Good quality and well cooked.,2026-01-09T00:00:00,Sambar Rice,Breakfast
Good quality and well cooked.,2024-01-10T00:00:00,Veg Curry,Dinner
"Neither good nor bad, just normal.",2024-07-21T00:00:00,Sambar Rice,Dinner
"Fresh and tasty, good job by the kitchen.",2024-05-06T00:00:00,Pongal,Lunch
"Really enjoyed the meal, it was delicious.",2026-02-26T00:00:00,Vada,Breakfast
"Fresh and tasty, good job by the kitchen.",2025-02-08T00:00:00,Roti,Lunch
Good quality and well cooked.,2025-03-14T00:00:00,Gulab Jamun,Snacks
The food tasted great today.,2025-03-25T00:00:00,Veg Curry,Snacks
"Really enjoyed the meal, it was delicious.",2024-12-28T00:00:00,Bonda,Lunch
Good quality and well cooked.,2025-12-27T00:00:00,Uggani,Breakfast
"Really enjoyed the meal, it was delicious.",2024-10-18T00:00:00,Chicken Biryani,Breakfast
"Fresh and tasty, good job by the kitchen.",2025-03-07T00:00:00,Dosa,Lunch
"Taste was average, nothing special.",2025-11-13T00:00:00,Samosa,Breakfast
"Amazing flavors, I loved the taste.",2024-09-29T00:00:00,Chicken Biryani,Dinner
"Neither good nor bad, just normal.",2025-07-17T00:00:00,Sambar Rice,Dinner
Good quality and well cooked.,2026-02-08T00:00:00,Vada,Lunch
"Really enjoyed the meal, it was delicious.",2024-04-22T00:00:00,Ice Cream,Dinner
"Really enjoyed the meal, it was delicious.",2024-06-08T00:00:00,Sambar Rice,Breakfast
The meal was light and refreshing.,2025-12-01T00:00:00,Gulab Jamun,Breakfast
"Amazing flavors, I loved the taste.",2024-12-16T00:00:00,Veg Biryani,Breakfast
"Neither good nor bad, just normal.",2025-05-06T00:00:00,Uggani,Breakfast
"Fresh and tasty, good job by the kitchen.",2024-03-25T00:00:00,Paneer Curry,Snacks
Decent meal overall.,2024-06-05T00:00:00,Uggani,Lunch
"Really enjoyed the meal, it was delicious.",2024-10-14T00:00:00,Fish Curry,Lunch
"Taste was average, nothing special.",2025-11-13T00:00:00,Sambar Rice,Snacks
"Neither good nor bad, just normal.",2025-12-24T00:00:00,Uggani,Lunch
"Really enjoyed the meal, it was delicious.",2025-08-28T00:00:00,Sambar Rice,Lunch
The food tasted great today.,2024-05-15T00:00:00,Curd Rice,Lunch
"It was fine, could be better.",2024-07-15T00:00:00,Ice Cream,Breakfast
The food tasted great today.,2025-09-23T00:00:00,Curd Rice,Dinner
The meal was okay.,2025-01-24T00:00:00,Chicken Biryani,Breakfast
"Amazing flavors, I loved the taste.",2025-10-10T00:00:00,Uggani,Snacks
Good quality and well cooked.,2025-03-12T00:00:00,Veg Biryani,Lunch
Portion size was perfect and taste was nice.,2025-03-13T00:00:00,Vada,Breakfast
The food tasted great today.,2024-10-02T00:00:00,Dosa,Snacks
Good quality and well cooked.,2025-12-29T00:00:00,Gulab Jamun,Snacks
"It was fine, could be better.",2024-02-18T00:00:00,Uggani,Lunch
The food was served too cold.,2024-02-23T00:00:00,Veg Curry,Breakfast
Good quality and well cooked.,2025-04-28T00:00:00,Samosa,Lunch
"Fresh and tasty, good job by the kitchen.",2024-07-08T00:00:00,Roti,Breakfast
"It was fine, could be better.",2024-12-08T00:00:00,Roti,Dinner
The food tasted great today.,2025-11-16T00:00:00,Paneer Curry,Breakfast
Good quality and well cooked.,2025-01-04T00:00:00,Idli,Lunch
"Taste was average, nothing special.",2025-10-27T00:00:00,Gulab Jamun,Snacks
Portion size was perfect and taste was nice.,2025-01-28T00:00:00,Roti,Lunch
"Taste was average, nothing special.",2025-10-06T00:00:00,Pongal,Breakfast
Decent meal overall.,2025-11-01T00:00:00,Sambar Rice,Breakfast
"Amazing flavors, I loved the taste.",2025-04-01T00:00:00,Chicken Biryani,Lunch
Portion size was perfect and taste was nice.,2025-09-25T00:00:00,Sambar Rice,Breakfast
"Amazing flavors, I loved the taste.",2025-04-30T00:00:00,Samosa,Snacks
The food tasted great today.,2024-05-10T00:00:00,Chicken Biryani,Lunch
Portion size was perfect and taste was nice.,2025-12-29T00:00:00,Chicken Biryani,Dinner
"It was fine, could be better.",2025-04-04T00:00:00,Roti,Snacks
The food tasted great today.,2025-05-09T00:00:00,Sambar Rice,Dinner
"Really enjoyed the meal, it was delicious.",2025-09-05T00:00:00,Uggani,Breakfast
Good quality and well cooked.,2024-02-16T00:00:00,Roti,Lunch
"Amazing flavors, I loved the taste.",2025-02-11T00:00:00,Dosa,Lunch
"Really enjoyed the meal, it was delicious.",2025-03-24T00:00:00,Vada,Breakfast
Portion size was perfect and taste was nice.,2025-02-03T00:00:00,Fish Curry,Dinner
"Really enjoyed the meal, it was delicious.",2024-07-07T00:00:00,Ice Cream,Snacks
Portion size was perfect and taste was nice.,2024-08-11T00:00:00,Idli,Lunch
Decent meal overall.,2025-12-25T00:00:00,Idli,Dinner
Good quality and well cooked.,2024-08-13T00:00:00,Fish Curry,Snacks
Portion size was perfect and taste was nice.,2024-05-01T00:00:00,Paneer Curry,Snacks
The food tasted great today.,2025-06-30T00:00:00,Veg Curry,Lunch
The food tasted great today.,2025-10-16T00:00:00,Veg Biryani,Snacks
"Really enjoyed the meal, it was delicious.",2024-10-03T00:00:00,Curd Rice,Snacks
The meal was light and refreshing.,2024-08-03T00:00:00,Dosa,Lunch
The food tasted great today.,2025-10-26T00:00:00,Mutton Curry,Breakfast
"It was fine, could be better.",2024-03-26T00:00:00,Gulab Jamun,Snacks
"Amazing flavors, I loved the taste.",2024-05-16T00:00:00,Mutton Curry,Snacks
Good quality and well cooked.,2024-02-28T00:00:00,Uggani,Snacks
"Really enjoyed the meal, it was delicious.",2026-01-18T00:00:00,Idli,Snacks
Good quality and well cooked.,2024-01-17T00:00:00,Roti,Lunch
"Amazing flavors, I loved the taste.",2026-02-02T00:00:00,Mutton Curry,Breakfast
Decent meal overall.,2025-07-18T00:00:00,Ice Cream,Snacks
"Taste was average, nothing special.",2024-11-28T00:00:00,Chicken Biryani,Dinner
Portion size was perfect and taste was nice.,2025-10-06T00:00:00,Roti,Lunch
"Fresh and tasty, good job by the kitchen.",2024-08-25T00:00:00,Ice Cream,Lunch
"Really enjoyed the meal, it was delicious.",2025-05-05T00:00:00,Uggani,Snacks
"Really enjoyed the meal, it was delicious.",2025-04-15T00:00:00,Pongal,Dinner
"Taste was average, nothing special.",2025-08-06T00:00:00,Veg Curry,Lunch
"Amazing flavors, I loved the taste.",2024-10-15T00:00:00,Vada,Lunch
"Really enjoyed the meal, it was delicious.",2024-06-30T00:00:00,Idli,Snacks
The food tasted great today.,2024-05-26T00:00:00,Ice Cream,Lunch
"Really enjoyed the meal, it was delicious.",2025-04-10T00:00:00,Pongal,Dinner
Decent meal overall.,2024-05-20T00:00:00,Ice Cream,Breakfast
"Neither good nor bad, just normal.",2025-01-28T00:00:00,Idli,Breakfast
The meal was light and refreshing.,2024-01-14T00:00:00,Idli,Breakfast
"Really enjoyed the meal, it was delicious.",2026-02-27T00:00:00,Dosa,Lunch
"Really enjoyed the meal, it was delicious.",2025-10-04T00:00:00,Pongal,Snacks
The meal was light and refreshing.,2024-04-18T00:00:00,Idli,Breakfast
The meal was okay.,2024-07-26T00:00:00,Mutton Curry,Snacks
The meal was missing an important ingredient.,2025-07-30T00:00:00,Curd Rice,Dinner
"It was fine, could be better.",2024-12-05T00:00:00,Bonda,Lunch
"Really enjoyed the meal, it was delicious.",2024-02-27T00:00:00,Vada,Lunch
Decent meal overall.,2024-05-06T00:00:00,Mutton Curry,Snacks
The food tasted great today.,2025-07-11T00:00:00,Idli,Breakfast
Decent meal overall.,2025-03-01T00:00:00,Paneer Curry,Breakfast
The flavors were bland and needed more seasoning.,2024-01-25T00:00:00,Curd Rice,Breakfast
"Neither good nor bad, just normal.",2024-05-30T00:00:00,Veg Biryani,Dinner
"Really enjoyed the meal, it was delicious.",2025-12-01T00:00:00,Gulab Jamun,Snacks
"Fresh and tasty, good job by the kitchen.",2024-06-22T00:00:00,Ice Cream,Breakfast
The food tasted great today.,2024-10-15T00:00:00,Sambar Rice,Lunch
The food smelled bad and felt old.,2024-12-07T00:00:00,Gulab Jamun,Breakfast
The food tasted great today.,2024-02-14T00:00:00,Sambar Rice,Snacks
"Fresh and tasty, good job by the kitchen.",2025-06-27T00:00:00,Curd Rice,Lunch
"Amazing flavors, I loved the taste.",2025-03-11T00:00:00,Samosa,Lunch
Portion size was perfect and taste was nice.,2024-10-20T00:00:00,Curd Rice,Snacks
Good quality and well cooked.,2025-05-26T00:00:00,Gulab Jamun,Breakfast
The meal was light and refreshing.,2025-12-29T00:00:00,Gulab Jamun,Snacks
The meal was light and refreshing.,2024-06-01T00:00:00,Pongal,Breakfast
"Really enjoyed the meal, it was delicious.",2025-02-03T00:00:00,Curd Rice,Snacks
The meal was okay.,2024-04-25T00:00:00,Bonda,Dinner
The meal was too salty.,2024-04-02T00:00:00,Uggani,Snacks
"Really enjoyed the meal, it was delicious.",2026-02-24T00:00:00,Samosa,Lunch
"It was fine, could be better.",2025-05-21T00:00:00,Ice Cream,Snacks
"Amazing flavors, I loved the taste.",2025-02-27T00:00:00,Uggani,Dinner
The meal was light and refreshing.,2025-10-31T00:00:00,Samosa,Lunch
"Neither good nor bad, just normal.",2025-07-16T00:00:00,Veg Biryani,Dinner
Portion size was perfect and taste was nice.,2025-07-03T00:00:00,Vada,Dinner
The meal was okay.,2025-08-17T00:00:00,Veg Biryani,Dinner
"Amazing flavors, I loved the taste.",2024-03-30T00:00:00,Uggani,Lunch
The food tasted great today.,2024-07-27T00:00:00,Veg Biryani,Snacks
Portion size was perfect and taste was nice.,2025-04-30T00:00:00,Idli,Snacks
The food tasted great today.,2024-12-23T00:00:00,Curd Rice,Breakfast
Good quality and well cooked.,2025-04-16T00:00:00,Gulab Jamun,Lunch
"Taste was average, nothing special.",2024-08-03T00:00:00,Curd Rice,Dinner
"Amazing flavors, I loved the taste.",2024-05-21T00:00:00,Veg Biryani,Breakfast
"Fresh and tasty, good job by the kitchen.",2026-01-20T00:00:00,Sambar Rice,Lunch
Good quality and well cooked.,2024-02-25T00:00:00,Idli,Dinner
"Neither good nor bad, just normal.",2025-08-31T00:00:00,Sambar Rice,Breakfast
"Taste was average, nothing special.",2025-01-09T00:00:00,Veg Curry,Breakfast
"Really enjoyed the meal, it was delicious.",2024-03-19T00:00:00,Curd Rice,Breakfast
"Taste was average, nothing special.",2026-02-22T00:00:00,Idli,Dinner
"Taste was average, nothing special.",2026-02-05T00:00:00,Veg Curry,Dinner
"Neither good nor bad, just normal.",2025-02-25T00:00:00,Fish Curry,Snacks
The meal was light and refreshing.,2025-10-22T00:00:00,Samosa,Dinner
The meal was okay.,2024-06-08T00:00:00,Idli,Snacks
Portion size was perfect and taste was nice.,2026-02-08T00:00:00,Dosa,Breakfast
The food tasted great today.,2025-02-09T00:00:00,Veg Curry,Lunch
Decent meal overall.,2025-12-29T00:00:00,Uggani,Dinner
"Amazing flavors, I loved the taste.",2024-08-20T00:00:00,Roti,Snacks
"It was fine, could be better.",2024-04-04T00:00:00,Uggani,Lunch
"Really enjoyed the meal, it was delicious.",2026-01-30T00:00:00,Fish Curry,Dinner
Decent meal overall.,2024-02-27T00:00:00,Chicken Biryani,Dinner
"Really enjoyed the meal, it was delicious.",2026-02-02T00:00:00,Veg Biryani,Dinner
The gravy was missing today.,2025-12-10T00:00:00,Mutton Curry,Breakfast
Good quality and well cooked.,2025-10-30T00:00:00,Bonda,Dinner
"Really enjoyed the meal, it was delicious.",2024-02-25T00:00:00,Ice Cream,Dinner
"Really enjoyed the meal, it was delicious.",2024-10-03T00:00:00,Gulab Jamun,Dinner
The food tasted great today.,2025-01-06T00:00:00,Sambar Rice,Breakfast
"Taste was average, nothing special.",2024-10-15T00:00:00,Samosa,Breakfast
The meal was okay.,2024-08-04T00:00:00,Veg Curry,Breakfast
"Really enjoyed the meal, it was delicious.",2025-07-18T00:00:00,Idli,Snacks
"Really enjoyed the meal, it was delicious.",2024-10-02T00:00:00,Chicken Biryani,Breakfast
Portion size was perfect and taste was nice.,2025-05-10T00:00:00,Pongal,Breakfast
Good quality and well cooked.,2024-04-05T00:00:00,Dosa,Breakfast
Good quality and well cooked.,2026-02-08T00:00:00,Paneer Curry,Breakfast
Decent meal overall.,2024-07-18T00:00:00,Paneer Curry,Dinner
"Amazing flavors, I loved the taste.",2024-12-30T00:00:00,Samosa,Dinner
Good quality and well cooked.,2025-02-21T00:00:00,Curd Rice,Breakfast
The roti was too hard.,2024-06-02T00:00:00,Fish Curry,Breakfast
"Fresh and tasty, good job by the kitchen.",2025-08-23T00:00:00,Idli,Dinner
"Really enjoyed the meal, it was delicious.",2024-06-04T00:00:00,Dosa,Snacks
The meal was okay.,2026-01-05T00:00:00,Bonda,Breakfast
"Taste was average, nothing special.",2026-02-26T00:00:00,Veg Biryani,Lunch
"Fresh and tasty, good job by the kitchen.",2024-05-14T00:00:00,Veg Curry,Snacks
"It was fine, could be better.",2025-09-30T00:00:00,Samosa,Snacks
"Amazing flavors, I loved the taste.",2025-11-30T00:00:00,Uggani,Breakfast
"Taste was average, nothing special.",2025-09-17T00:00:00,Ice Cream,Lunch
Portion size was perfect and taste was nice.,2025-10-04T00:00:00,Pongal,Lunch
The meal was light and refreshing.,2024-01-16T00:00:00,Vada,Breakfast
Portion size was perfect and taste was nice.,2024-03-30T00:00:00,Curd Rice,Snacks
"Fresh and tasty, good job by the kitchen.",2024-11-17T00:00:00,Vada,Breakfast
"Really enjoyed the meal, it was delicious.",2024-03-10T00:00:00,Veg Curry,Snacks
Good quality and well cooked.,2024-04-01T00:00:00,Roti,Snacks
"Amazing flavors, I loved the taste.",2025-04-16T00:00:00,Pongal,Lunch
Good quality and well cooked.,2026-02-20T00:00:00,Roti,Dinner
The food tasted great today.,2025-08-05T00:00:00,Bonda,Lunch
The food felt heavy and greasy.,2024-10-20T00:00:00,Vada,Breakfast
The meal was light and refreshing.,2025-09-26T00:00:00,Ice Cream,Dinner
Good quality and well cooked.,2025-06-08T00:00:00,Curd Rice,Dinner
The food tasted great today.,2025-11-29T00:00:00,Samosa,Snacks
Good quality and well cooked.,2025-11-29T00:00:00,Uggani,Dinner
"Amazing flavors, I loved the taste.",2024-09-07T00:00:00,Dosa,Breakfast
"Really enjoyed the meal, it was delicious.",2024-04-17T00:00:00,Mutton Curry,Breakfast
"Really enjoyed the meal, it was delicious.",2025-08-06T00:00:00,Paneer Curry,Dinner
"Really enjoyed the meal, it was delicious.",2025-02-01T00:00:00,Ice Cream,Breakfast
"It was fine, could be better.",2025-04-22T00:00:00,Bonda,Breakfast
The temperature of the food was not good.,2024-03-28T00:00:00,Bonda,Dinner
"Fresh and tasty, good job by the kitchen.",2026-02-25T00:00:00,Veg Curry,Breakfast
"Fresh and tasty, good job by the kitchen.",2024-12-02T00:00:00,Uggani,Lunch
Good quality and well cooked.,2025-09-10T00:00:00,Pongal,Snacks
"Neither good nor bad, just normal.",2024-04-27T00:00:00,Vada,Lunch
The food tasted great today.,2025-07-12T00:00:00,Roti,Dinner
"Really enjoyed the meal, it was delicious.",2025-10-17T00:00:00,Curd Rice,Dinner
Portion size was perfect and taste was nice.,2024-02-02T00:00:00,Chicken Biryani,Snacks
The meal was light and refreshing.,2025-01-05T00:00:00,Ice Cream,Breakfast
"Taste was average, nothing special.",2024-02-25T00:00:00,Uggani,Dinner
"Neither good nor bad, just normal.",2024-10-03T00:00:00,Chicken Biryani,Breakfast
The food tasted great today.,2024-05-25T00:00:00,Roti,Lunch
"Fresh and tasty, good job by the kitchen.",2024-03-24T00:00:00,Pongal,Snacks
The meal was light and refreshing.,2025-03-05T00:00:00,Paneer Curry,Dinner
"It was fine, could be better.",2024-07-07T00:00:00,Fish Curry,Lunch
"Fresh and tasty, good job by the kitchen.",2024-12-16T00:00:00,Dosa,Breakfast
"Taste was average, nothing special.",2024-12-23T00:00:00,Paneer Curry,Lunch
"Fresh and tasty, good job by the kitchen.",2025-07-02T00:00:00,Uggani,Dinner
Good quality and well cooked.,2025-12-10T00:00:00,Veg Curry,Dinner
Portion size was perfect and taste was nice.,2025-09-03T00:00:00,Ice Cream,Breakfast
"Amazing flavors, I loved the taste.",2025-11-14T00:00:00,Chicken Biryani,Breakfast
"Amazing flavors, I loved the taste.",2026-01-21T00:00:00,Curd Rice,Snacks
"Really enjoyed the meal, it was delicious.",2025-04-14T00:00:00,Samosa,Breakfast
The meal was light and refreshing.,2024-11-20T00:00:00,Curd Rice,Dinner
Good quality and well cooked.,2025-06-17T00:00:00,Sambar Rice,Dinner
The meal was light and refreshing.,2024-05-08T00:00:00,Idli,Dinner
The food tasted great today.,2024-08-11T00:00:00,Bonda,Breakfast
"Amazing flavors, I loved the taste.",2025-07-13T00:00:00,Chicken Biryani,Dinner
"Really enjoyed the meal, it was delicious.",2024-12-22T00:00:00,Veg Curry,Dinner
"Amazing flavors, I loved the taste.",2025-08-13T00:00:00,Chicken Biryani,Lunch
The meal was light and refreshing.,2025-01-07T00:00:00,Idli,Snacks
Good quality and well cooked.,2025-05-29T00:00:00,Idli,Snacks
"Amazing flavors, I loved the taste.",2025-04-11T00:00:00,Sambar Rice,Dinner
Good quality and well cooked.,2024-12-26T00:00:00,Uggani,Dinner
Portion size was perfect and taste was nice.,2026-02-22T00:00:00,Mutton Curry,Dinner
"Really enjoyed the meal, it was delicious.",2025-04-14T00:00:00,Samosa,Breakfast
"Taste was average, nothing special.",2025-07-20T00:00:00,Uggani,Snacks
"Neither good nor bad, just normal.",2024-10-18T00:00:00,Veg Curry,Dinner
"Amazing flavors, I loved the taste.",2025-09-27T00:00:00,Uggani,Snacks
The meal was light and refreshing.,2024-04-16T00:00:00,Sambar Rice,Breakfast
Portion size was perfect and taste was nice.,2025-02-25T00:00:00,Pongal,Breakfast
"Amazing flavors, I loved the taste.",2026-02-08T00:00:00,Sambar Rice,Dinner
"Amazing flavors, I loved the taste.",2025-03-30T00:00:00,Mutton Curry,Breakfast
"It was fine, could be better.",2025-03-06T00:00:00,Fish Curry,Breakfast
The meal was light and refreshing.,2025-04-10T00:00:00,Chicken Biryani,Lunch
The food tasted great today.,2024-07-19T00:00:00,Mutton Curry,Dinner
"It was fine, could be better.",2025-04-20T00:00:00,Vada,Breakfast
The food tasted great today.,2025-01-18T00:00:00,Uggani,Dinner
Good quality and well cooked.,2025-11-05T00:00:00,Veg Biryani,Snacks
The meal was light and refreshing.,2025-02-28T00:00:00,Roti,Snacks
"Fresh and tasty, good job by the kitchen.",2024-02-03T00:00:00,Veg Biryani,Breakfast
"Really enjoyed the meal, it was delicious.",2025-01-18T00:00:00,Idli,Breakfast
Good quality and well cooked.,2024-06-23T00:00:00,Fish Curry,Snacks
Decent meal overall.,2025-02-04T00:00:00,Uggani,Lunch
The meal was light and refreshing.,2024-02-22T00:00:00,Chicken Biryani,Dinner
"Amazing flavors, I loved the taste.",2025-02-03T00:00:00,Uggani,Lunch
Good quality and well cooked.,2025-06-13T00:00:00,Veg Curry,Dinner
"Taste was average, nothing special.",2024-04-11T00:00:00,Veg Curry,Dinner
"Amazing flavors, I loved the taste.",2025-08-13T00:00:00,Curd Rice,Breakfast
Decent meal overall.,2024-06-11T00:00:00,Ice Cream,Snacks
The food tasted great today.,2024-04-05T00:00:00,Samosa,Lunch
The food was served too cold.,2025-10-05T00:00:00,Idli,Dinner
Portion size was perfect and taste was nice.,2025-12-25T00:00:00,Curd Rice,Breakfast
Portion size was perfect and taste was nice.,2025-01-26T00:00:00,Mutton Curry,Breakfast
"Fresh and tasty, good job by the kitchen.",2025-10-11T00:00:00,Idli,Lunch
The flavors were bland and needed more seasoning.,2025-10-30T00:00:00,Gulab Jamun,Lunch
"Really enjoyed the meal, it was delicious.",2025-07-02T00:00:00,Veg Biryani,Snacks
The meal was light and refreshing.,2024-09-23T00:00:00,Veg Biryani,Dinner
The meal was okay.,2024-05-27T00:00:00,Dosa,Snacks
The food tasted great today.,2025-04-15T00:00:00,Idli,Breakfast
"Really enjoyed the meal, it was delicious.",2024-10-16T00:00:00,Sambar Rice,Breakfast
The food tasted great today.,2024-03-20T00:00:00,Roti,Lunch
The gravy was missing today.,2024-07-31T00:00:00,Vada,Snacks
"Neither good nor bad, just normal.",2024-01-23T00:00:00,Ice Cream,Breakfast
The texture of the dish was not good.,2025-10-02T00:00:00,Uggani,Breakfast
"Amazing flavors, I loved the taste.",2025-03-05T00:00:00,Pongal,Lunch
"Amazing flavors, I loved the taste.",2025-04-06T00:00:00,Ice Cream,Snacks
Good quality and well cooked.,2024-01-11T00:00:00,Veg Curry,Lunch
The meal was okay.,2024-12-17T00:00:00,Veg Curry,Breakfast
Portion size was perfect and taste was nice.,2025-09-06T00:00:00,Gulab Jamun,Dinner
"Really enjoyed the meal, it was delicious.",2025-06-18T00:00:00,Mutton Curry,Breakfast
"Really enjoyed the meal, it was delicious.",2025-09-12T00:00:00,Roti,Breakfast
Portion size was perfect and taste was nice.,2025-06-08T00:00:00,Idli,Breakfast
The meal was light and refreshing.,2025-01-08T00:00:00,Curd Rice,Lunch
The food tasted great today.,2024-12-01T00:00:00,Sambar Rice,Lunch
The food tasted great today.,2026-01-15T00:00:00,Curd Rice,Lunch
Good quality and well cooked.,2025-05-08T00:00:00,Curd Rice,Snacks
"It was fine, could be better.",2025-12-26T00:00:00,Chicken Biryani,Breakfast
"Neither good nor bad, just normal.",2026-02-02T00:00:00,Mutton Curry,Snacks
Portion size was perfect and taste was nice.,2025-02-13T00:00:00,Vada,Dinner
"Taste was average, nothing special.",2024-07-21T00:00:00,Chicken Biryani,Snacks
The food tasted great today.,2025-08-20T00:00:00,Roti,Dinner
"Taste was average, nothing special.",2026-01-09T00:00:00,Paneer Curry,Lunch
"Fresh and tasty, good job by the kitchen.",2025-03-09T00:00:00,Vada,Dinner
Portion size was perfect and taste was nice.,2024-04-20T00:00:00,Roti,Snacks
"Really enjoyed the meal, it was delicious.",2025-08-03T00:00:00,Ice Cream,Dinner
"Amazing flavors, I loved the taste.",2024-03-06T00:00:00,Gulab Jamun,Snacks
The food tasted great today.,2025-06-07T00:00:00,Bonda,Lunch
Good quality and well cooked.,2025-09-10T00:00:00,Roti,Dinner
"Fresh and tasty, good job by the kitchen.",2024-01-31T00:00:00,Fish Curry,Snacks
The meal was light and refreshing.,2024-11-26T00:00:00,Sambar Rice,Lunch
"It was fine, could be better.",2024-09-08T00:00:00,Uggani,Lunch
"Amazing flavors, I loved the taste.",2025-01-15T00:00:00,Pongal,Lunch
"It was fine, could be better.",2024-05-05T00:00:00,Gulab Jamun,Lunch
"Amazing flavors, I loved the taste.",2024-01-12T00:00:00,Idli,Snacks
"Fresh and tasty, good job by the kitchen.",2025-08-04T00:00:00,Samosa,Lunch
Decent meal overall.,2024-03-08T00:00:00,Samosa,Lunch
Decent meal overall.,2024-08-05T00:00:00,Ice Cream,Snacks
The food tasted great today.,2025-07-28T00:00:00,Fish Curry,Lunch
Portion size was perfect and taste was nice.,2025-10-23T00:00:00,Roti,Breakfast
Good quality and well cooked.,2024-11-23T00:00:00,Uggani,Dinner
The food tasted great today.,2025-05-20T00:00:00,Chicken Biryani,Lunch
Good quality and well cooked.,2025-03-07T00:00:00,Vada,Breakfast
"Fresh and tasty, good job by the kitchen.",2024-06-24T00:00:00,Sambar Rice,Breakfast
"Really enjoyed the meal, it was delicious.",2025-08-13T00:00:00,Samosa,Dinner
The food tasted great today.,2025-10-21T00:00:00,Idli,Snacks
"It was fine, could be better.",2024-05-14T00:00:00,Idli,Dinner
Portion size was perfect and taste was nice.,2025-06-24T00:00:00,Ice Cream,Breakfast
The meal was okay.,2024-03-12T00:00:00,Dosa,Snacks
The meal was light and refreshing.,2025-03-01T00:00:00,Vada,Breakfast
"It was fine, could be better.",2026-02-10T00:00:00,Paneer Curry,Snacks
The food tasted great today.,2025-07-23T00:00:00,Gulab Jamun,Dinner
Portion size was perfect and taste was nice.,2024-02-18T00:00:00,Samosa,Dinner
"Neither good nor bad, just normal.",2025-05-20T00:00:00,Ice Cream,Snacks
Portion size was perfect and taste was nice.,2024-04-15T00:00:00,Sambar Rice,Snacks
The food tasted great today.,2024-01-11T00:00:00,Idli,Lunch
Good quality and well cooked.,2025-12-05T00:00:00,Curd Rice,Breakfast
"Really enjoyed the meal, it was delicious.",2024-03-31T00:00:00,Uggani,Lunch
The meal was light and refreshing.,2025-07-04T00:00:00,Chicken Biryani,Snacks
"It was fine, could be better.",2024-02-14T00:00:00,Idli,Breakfast
Good quality and well cooked.,2024-03-17T00:00:00,Sambar Rice,Breakfast
"Amazing flavors, I loved the taste.",2025-09-19T00:00:00,Roti,Snacks
"Taste was average, nothing special.",2024-05-21T00:00:00,Ice Cream,Snacks
"Really enjoyed the meal, it was delicious.",2024-11-22T00:00:00,Bonda,Breakfast
"Amazing flavors, I loved the taste.",2025-04-02T00:00:00,Curd Rice,Dinner
The taste felt stale.,2025-05-04T00:00:00,Sambar Rice,Lunch
"It was fine, could be better.",2026-01-18T00:00:00,Vada,Snacks
The food tasted great today.,2024-09-27T00:00:00,Vada,Lunch
Good quality and well cooked.,2025-07-25T00:00:00,Paneer Curry,Breakfast
The meal was okay.,2024-03-17T00:00:00,Veg Biryani,Lunch
"Really enjoyed the meal, it was delicious.",2024-01-14T00:00:00,Vada,Breakfast
The meal was light and refreshing.,2025-01-29T00:00:00,Chicken Biryani,Dinner
The food tasted great today.,2024-12-14T00:00:00,Chicken Biryani,Dinner
The meal was light and refreshing.,2024-11-15T00:00:00,Chicken Biryani,Snacks
The meal was light and refreshing.,2025-05-31T00:00:00,Bonda,Lunch
"Really enjoyed the meal, it was delicious.",2025-01-07T00:00:00,Sambar Rice,Lunch
The meal was light and refreshing.,2025-09-27T00:00:00,Ice Cream,Dinner
The meal was light and refreshing.,2025-02-13T00:00:00,Fish Curry,Lunch
Good quality and well cooked.,2025-03-09T00:00:00,Chicken Biryani,Breakfast
Decent meal overall.,2025-10-25T00:00:00,Veg Curry,Snacks
"Fresh and tasty, good job by the kitchen.",2024-04-19T00:00:00,Sambar Rice,Lunch
The food tasted great today.,2025-04-16T00:00:00,Sambar Rice,Lunch
The meal was okay.,2025-05-02T00:00:00,Veg Curry,Snacks
Good quality and well cooked.,2024-09-28T00:00:00,Fish Curry,Dinner
Good quality and well cooked.,2025-03-17T00:00:00,Sambar Rice,Breakfast
"Fresh and tasty, good job by the kitchen.",2025-05-29T00:00:00,Chicken Biryani,Lunch
The meal was okay.,2025-03-27T00:00:00,Uggani,Snacks
The food tasted great today.,2024-02-20T00:00:00,Roti,Snacks
"Taste was average, nothing special.",2024-10-28T00:00:00,Ice Cream,Dinner
"Really enjoyed the meal, it was delicious.",2025-08-31T00:00:00,Chicken Biryani,Dinner
Portion size was perfect and taste was nice.,2025-03-19T00:00:00,Roti,Dinner
"Amazing flavors, I loved the taste.",2024-09-11T00:00:00,Sambar Rice,Breakfast
The meal was okay.,2024-02-24T00:00:00,Sambar Rice,Lunch
"Really enjoyed the meal, it was delicious.",2024-03-08T00:00:00,Dosa,Snacks
Good quality and well cooked.,2024-08-19T00:00:00,Mutton Curry,Breakfast
"Fresh and tasty, good job by the kitchen.",2024-04-13T00:00:00,Ice Cream,Dinner
The texture of the dish was not good.,2024-07-29T00:00:00,Veg Biryani,Snacks
Good quality and well cooked.,2025-10-14T00:00:00,Veg Curry,Lunch
"Amazing flavors, I loved the taste.",2024-01-04T00:00:00,Paneer Curry,Snacks
Decent meal overall.,2025-12-18T00:00:00,Sambar Rice,Lunch
The meal was light and refreshing.,2025-12-05T00:00:00,Vada,Snacks
Good quality and well cooked.,2025-11-28T00:00:00,Veg Biryani,Lunch
"Really enjoyed the meal, it was delicious.",2024-12-06T00:00:00,Pongal,Lunch
The meal was okay.,2025-11-13T00:00:00,Bonda,Lunch
"It was fine, could be better.",2024-01-22T00:00:00,Vada,Dinner
The food tasted great today.,2024-06-23T00:00:00,Veg Curry,Snacks
"Neither good nor bad, just normal.",2025-08-20T00:00:00,Idli,Snacks
The meal was light and refreshing.,2024-09-10T00:00:00,Idli,Dinner
The food tasted great today.,2024-01-18T00:00:00,Vada,Breakfast
The roti was too hard.,2025-05-30T00:00:00,Paneer Curry,Lunch
The meal was okay.,2024-04-12T00:00:00,Veg Curry,Lunch
"Fresh and tasty, good job by the kitchen.",2025-05-17T00:00:00,Paneer Curry,Snacks
"Amazing flavors, I loved the taste.",2025-05-13T00:00:00,Gulab Jamun,Snacks
"Fresh and tasty, good job by the kitchen.",2024-01-14T00:00:00,Roti,Snacks
"Amazing flavors, I loved the taste.",2024-12-07T00:00:00,Gulab Jamun,Snacks
The food tasted great today.,2024-10-03T00:00:00,Fish Curry,Dinner
"Taste was average, nothing special.",2025-02-24T00:00:00,Fish Curry,Breakfast
Good quality and well cooked.,2025-05-24T00:00:00,Veg Biryani,Lunch
Decent meal overall.,2026-01-28T00:00:00,Idli,Lunch
"Really enjoyed the meal, it was delicious.",2026-02-01T00:00:00,Uggani,Snacks
"Fresh and tasty, good job by the kitchen.",2025-10-16T00:00:00,Pongal,Lunch
"Amazing flavors, I loved the taste.",2025-11-26T00:00:00,Sambar Rice,Snacks
Portion size was perfect and taste was nice.,2024-06-28T00:00:00,Mutton Curry,Dinner
Good quality and well cooked.,2025-02-04T00:00:00,Roti,Snacks
Good quality and well cooked.,2024-07-14T00:00:00,Uggani,Snacks
Decent meal overall.,2024-05-05T00:00:00,Dosa,Snacks
Portion size was perfect and taste was nice.,2024-12-21T00:00:00,Uggani,Dinner
The food tasted great today.,2025-05-25T00:00:00,Paneer Curry,Breakfast
The portion size was too small.,2024-06-02T00:00:00,Curd Rice,Dinner
The food smelled bad and felt old.,2025-07-25T00:00:00,Fish Curry,Snacks
"Fresh and tasty, good job by the kitchen.",2024-10-22T00:00:00,Veg Curry,Snacks
The meal was okay.,2025-04-09T00:00:00,Pongal,Snacks
Good quality and well cooked.,2025-08-30T00:00:00,Dosa,Lunch
"Fresh and tasty, good job by the kitchen.",2024-11-09T00:00:00,Sambar Rice,Breakfast
Good quality and well cooked.,2025-11-07T00:00:00,Idli,Dinner
Good quality and well cooked.,2024-05-21T00:00:00,Idli,Breakfast
Decent meal overall.,2025-11-12T00:00:00,Gulab Jamun,Snacks
The food tasted great today.,2025-12-31T00:00:00,Mutton Curry,Lunch
"Amazing flavors, I loved the taste.",2024-07-20T00:00:00,Roti,Lunch
The food was too oily.,2024-08-12T00:00:00,Uggani,Breakfast
Good quality and well cooked.,2024-09-11T00:00:00,Dosa,Dinner
"Fresh and tasty, good job by the kitchen.",2024-04-10T00:00:00,Ice Cream,Dinner
Decent meal overall.,2024-11-14T00:00:00,Roti,Snacks
"It was fine, could be better.",2025-08-15T00:00:00,Veg Curry,Dinner
Good quality and well cooked.,2024-05-18T00:00:00,Curd Rice,Lunch
Good quality and well cooked.,2024-11-08T00:00:00,Uggani,Lunch
Portion size was perfect and taste was nice.,2025-10-05T00:00:00,Pongal,Snacks
"Fresh and tasty, good job by the kitchen.",2025-03-23T00:00:00,Bonda,Lunch
Portion size was perfect and taste was nice.,2025-03-28T00:00:00,Sambar Rice,Lunch
"Fresh and tasty, good job by the kitchen.",2024-12-28T00:00:00,Samosa,Snacks
"Fresh and tasty, good job by the kitchen.",2025-02-24T00:00:00,Uggani,Dinner
Decent meal overall.,2024-01-28T00:00:00,Bonda,Breakfast
The meal was light and refreshing.,2024-05-23T00:00:00,Uggani,Breakfast
Portion size was perfect and taste was nice.,2025-06-08T00:00:00,Paneer Curry,Lunch
Portion size was perfect and taste was nice.,2025-07-10T00:00:00,Gulab Jamun,Lunch
The meal was light and refreshing.,2025-02-06T00:00:00,Paneer Curry,Breakfast
"Amazing flavors, I loved the taste.",2024-01-07T00:00:00,Curd Rice,Dinner
The meal was light and refreshing.,2024-02-25T00:00:00,Bonda,Dinner
Good quality and well cooked.,2025-10-27T00:00:00,Pongal,Breakfast
Decent meal overall.,2024-04-09T00:00:00,Sambar Rice,Snacks
"Amazing flavors, I loved the taste.",2024-12-05T00:00:00,Paneer Curry,Dinner
"Amazing flavors, I loved the taste.",2025-08-21T00:00:00,Dosa,Breakfast
"Amazing flavors, I loved the taste.",2024-07-28T00:00:00,Fish Curry,Breakfast
Portion size was perfect and taste was nice.,2026-01-28T00:00:00,Fish Curry,Lunch
"Really enjoyed the meal, it was delicious.",2025-11-22T00:00:00,Vada,Lunch
"Amazing flavors, I loved the taste.",2024-11-14T00:00:00,Curd Rice,Snacks
Portion size was perfect and taste was nice.,2025-12-05T00:00:00,Idli,Dinner
The food tasted great today.,2024-01-01T00:00:00,Chicken Biryani,Breakfast
Portion size was perfect and taste was nice.,2024-04-09T00:00:00,Curd Rice,Breakfast
The temperature of the food was not good.,2025-04-30T00:00:00,Veg Biryani,Lunch
"Fresh and tasty, good job by the kitchen.",2024-02-26T00:00:00,Idli,Dinner
"Neither good nor bad, just normal.",2025-05-10T00:00:00,Sambar Rice,Snacks
The meal was light and refreshing.,2025-07-13T00:00:00,Veg Curry,Lunch
The meal was light and refreshing.,2025-11-04T00:00:00,Roti,Dinner
"Really enjoyed the meal, it was delicious.",2025-10-13T00:00:00,Sambar Rice,Dinner
"Really enjoyed the meal, it was delicious.",2026-02-01T00:00:00,Idli,Lunch
Portion size was perfect and taste was nice.,2026-01-29T00:00:00,Veg Biryani,Lunch
"Fresh and tasty, good job by the kitchen.",2025-05-06T00:00:00,Mutton Curry,Lunch
"Amazing flavors, I loved the taste.",2024-04-12T00:00:00,Paneer Curry,Snacks
"Amazing flavors, I loved the taste.",2024-10-08T00:00:00,Vada,Snacks
"Amazing flavors, I loved the taste.",2024-04-19T00:00:00,Ice Cream,Dinner
The meal was light and refreshing.,2025-03-11T00:00:00,Bonda,Dinner
"It was fine, could be better.",2025-04-13T00:00:00,Curd Rice,Breakfast
The food tasted great today.,2025-08-17T00:00:00,Sambar Rice,Dinner
"Amazing flavors, I loved the taste.",2025-10-28T00:00:00,Paneer Curry,Breakfast
Good quality and well cooked.,2024-05-22T00:00:00,Bonda,Breakfast
Good quality and well cooked.,2024-01-10T00:00:00,Bonda,Dinner
Portion size was perfect and taste was nice.,2025-05-30T00:00:00,Veg Curry,Snacks
"Amazing flavors, I loved the taste.",2025-06-21T00:00:00,Chicken Biryani,Snacks
"Really enjoyed the meal, it was delicious.",2025-11-02T00:00:00,Ice Cream,Breakfast
Decent meal overall.,2024-12-13T00:00:00,Curd Rice,Snacks
Good quality and well cooked.,2026-02-19T00:00:00,Bonda,Lunch
The food tasted great today.,2025-10-22T00:00:00,Paneer Curry,Dinner
"Fresh and tasty, good job by the kitchen.",2025-09-12T00:00:00,Vada,Dinner
"Really enjoyed the meal, it was delicious.",2025-12-15T00:00:00,Veg Curry,Snacks
Decent meal overall.,2025-09-24T00:00:00,Samosa,Snacks
The meal was okay.,2024-01-31T00:00:00,Ice Cream,Breakfast
The food tasted great today.,2025-11-12T00:00:00,Veg Curry,Lunch
"Amazing flavors, I loved the taste.",2025-05-02T00:00:00,Sambar Rice,Dinner
The meal was light and refreshing.,2026-01-20T00:00:00,Samosa,Lunch
"Really enjoyed the meal, it was delicious.",2026-01-15T00:00:00,Veg Biryani,Breakfast
The food tasted great today.,2024-03-04T00:00:00,Ice Cream,Dinner
The meal was okay.,2026-02-06T00:00:00,Roti,Breakfast
"It was fine, could be better.",2025-09-13T00:00:00,Pongal,Dinner
Good quality and well cooked.,2024-04-20T00:00:00,Idli,Lunch
"Taste was average, nothing special.",2025-10-14T00:00:00,Bonda,Dinner
"Really enjoyed the meal, it was delicious.",2024-09-15T00:00:00,Mutton Curry,Lunch
"Amazing flavors, I loved the taste.",2024-10-19T00:00:00,Vada,Dinner
"Amazing flavors, I loved the taste.",2024-06-14T00:00:00,Veg Biryani,Lunch
The food tasted great today.,2025-08-19T00:00:00,Uggani,Lunch
"Really enjoyed the meal, it was delicious.",2024-02-04T00:00:00,Idli,Breakfast
Good quality and well cooked.,2025-02-21T00:00:00,Curd Rice,Breakfast
Good quality and well cooked.,2024-07-08T00:00:00,Mutton Curry,Breakfast
"Really enjoyed the meal, it was delicious.",2024-07-31T00:00:00,Fish Curry,Dinner
Good quality and well cooked.,2025-09-25T00:00:00,Vada,Snacks
The meal was light and refreshing.,2024-03-09T00:00:00,Mutton Curry,Lunch
"Amazing flavors, I loved the taste.",2025-01-20T00:00:00,Bonda,Dinner
"Taste was average, nothing special.",2025-06-13T00:00:00,Pongal,Breakfast
The food tasted great today.,2025-05-25T00:00:00,Paneer Curry,Breakfast
Portion size was perfect and taste was nice.,2025-07-07T00:00:00,Veg Biryani,Breakfast
"Really enjoyed the meal, it was delicious.",2024-10-23T00:00:00,Samosa,Breakfast
The quantity was not enough.,2025-01-01T00:00:00,Roti,Dinner
The food was too oily.,2024-03-17T00:00:00,Pongal,Lunch
The meal was light and refreshing.,2025-06-14T00:00:00,Mutton Curry,Lunch
"Fresh and tasty, good job by the kitchen.",2025-09-25T00:00:00,Fish Curry,Snacks
Portion size was perfect and taste was nice.,2025-04-27T00:00:00,Dosa,Breakfast
The food tasted great today.,2024-12-12T00:00:00,Roti,Breakfast
"Taste was average, nothing special.",2024-12-08T00:00:00,Uggani,Snacks
"Really enjoyed the meal, it was delicious.",2025-07-14T00:00:00,Dosa,Lunch
"Really enjoyed the meal, it was delicious.",2025-05-20T00:00:00,Samosa,Breakfast
"It was fine, could be better.",2024-03-13T00:00:00,Pongal,Breakfast
Portion size was perfect and taste was nice.,2025-05-05T00:00:00,Uggani,Breakfast
The meal was okay.,2024-04-16T00:00:00,Curd Rice,Snacks
Portion size was perfect and taste was nice.,2024-08-18T00:00:00,Dosa,Dinner
"Fresh and tasty, good job by the kitchen.",2024-11-06T00:00:00,Gulab Jamun,Dinner
The food tasted great today.,2024-01-27T00:00:00,Veg Biryani,Breakfast
"Amazing flavors, I loved the taste.",2025-12-01T00:00:00,Chicken Biryani,Dinner
The food tasted great today.,2025-01-31T00:00:00,Idli,Dinner
"Neither good nor bad, just normal.",2025-12-19T00:00:00,Ice Cream,Lunch
The food tasted great today.,2025-03-24T00:00:00,Uggani,Lunch
"It was fine, could be better.",2024-07-17T00:00:00,Sambar Rice,Snacks
The food tasted great today.,2024-08-31T00:00:00,Samosa,Dinner
Portion size was perfect and taste was nice.,2024-01-11T00:00:00,Veg Biryani,Breakfast
Decent meal overall.,2025-08-04T00:00:00,Veg Biryani,Dinner
"Taste was average, nothing special.",2024-02-28T00:00:00,Dosa,Breakfast
"Taste was average, nothing special.",2025-03-25T00:00:00,Pongal,Breakfast
The food tasted great today.,2024-11-17T00:00:00,Veg Curry,Snacks
Good quality and well cooked.,2024-05-12T00:00:00,Gulab Jamun,Lunch
"Amazing flavors, I loved the taste.",2024-05-05T00:00:00,Ice Cream,Dinner
"It was fine, could be better.",2025-07-10T00:00:00,Pongal,Breakfast
"Amazing flavors, I loved the taste.",2026-01-22T00:00:00,Chicken Biryani,Dinner
"Fresh and tasty, good job by the kitchen.",2025-12-31T00:00:00,Gulab Jamun,Lunch
Decent meal overall.,2024-10-26T00:00:00,Paneer Curry,Snacks
Good quality and well cooked.,2025-12-15T00:00:00,Veg Biryani,Snacks
The meal was okay.,2024-12-20T00:00:00,Mutton Curry,Breakfast
Good quality and well cooked.,2024-03-21T00:00:00,Uggani,Dinner
The meal was light and refreshing.,2025-06-17T00:00:00,Chicken Biryani,Lunch
"Amazing flavors, I loved the taste.",2025-07-20T00:00:00,Veg Biryani,Snacks
"It was fine, could be better.",2026-01-12T00:00:00,Chicken Biryani,Breakfast
"Really enjoyed the meal, it was delicious.",2025-12-16T00:00:00,Curd Rice,Breakfast
The food tasted great today.,2024-01-22T00:00:00,Bonda,Dinner
Good quality and well cooked.,2024-10-11T00:00:00,Vada,Breakfast
The meal was light and refreshing.,2024-03-27T00:00:00,Ice Cream,Snacks
The meal was light and refreshing.,2025-09-16T00:00:00,Dosa,Snacks
The food tasted great today.,2025-01-26T00:00:00,Ice Cream,Dinner
The food tasted great today.,2024-08-17T00:00:00,Ice Cream,Dinner
"Really enjoyed the meal, it was delicious.",2025-11-06T00:00:00,Chicken Biryani,Dinner
"Amazing flavors, I loved the taste.",2024-11-08T00:00:00,Uggani,Breakfast
The food tasted great today.,2025-09-15T00:00:00,Dosa,Snacks
The meal was light and refreshing.,2026-02-10T00:00:00,Samosa,Snacks
Good quality and well cooked.,2026-01-13T00:00:00,Chicken Biryani,Breakfast
The meal was light and refreshing.,2026-01-16T00:00:00,Uggani,Dinner
Portion size was perfect and taste was nice.,2025-02-01T00:00:00,Dosa,Breakfast
"Neither good nor bad, just normal.",2025-08-09T00:00:00,Paneer Curry,Dinner
"Taste was average, nothing special.",2025-01-25T00:00:00,Fish Curry,Snacks
"Really enjoyed the meal, it was delicious.",2024-01-16T00:00:00,Bonda,Lunch
The food tasted great today.,2024-09-12T00:00:00,Roti,Snacks
Good quality and well cooked.,2025-08-07T00:00:00,Mutton Curry,Snacks
Portion size was perfect and taste was nice.,2024-10-07T00:00:00,Ice Cream,Breakfast
"Amazing flavors, I loved the taste.",2024-09-13T00:00:00,Gulab Jamun,Snacks
"It was fine, could be better.",2025-08-05T00:00:00,Idli,Breakfast
The meal was light and refreshing.,2024-07-02T00:00:00,Samosa,Snacks
The food tasted great today.,2025-03-26T00:00:00,Bonda,Dinner
The food tasted great today.,2025-01-02T00:00:00,Idli,Dinner
"Neither good nor bad, just normal.",2024-02-29T00:00:00,Vada,Lunch
Portion size was perfect and taste was nice.,2025-07-18T00:00:00,Pongal,Snacks
The vegetables were overcooked and mushy.,2024-07-03T00:00:00,Samosa,Breakfast
Good quality and well cooked.,2025-05-21T00:00:00,Roti,Snacks
"Amazing flavors, I loved the taste.",2024-06-27T00:00:00,Curd Rice,Lunch
"Taste was average, nothing special.",2024-04-27T00:00:00,Curd Rice,Breakfast
"Amazing flavors, I loved the taste.",2025-06-02T00:00:00,Dosa,Lunch
The food tasted great today.,2025-07-20T00:00:00,Bonda,Snacks
"It was fine, could be better.",2024-09-20T00:00:00,Veg Biryani,Breakfast
Decent meal overall.,2026-01-05T00:00:00,Idli,Snacks
"It was fine, could be better.",2024-04-21T00:00:00,Dosa,Lunch
The food tasted great today.,2025-06-07T00:00:00,Pongal,Dinner
"Taste was average, nothing special.",2024-11-29T00:00:00,Pongal,Lunch
The food tasted great today.,2025-10-19T00:00:00,Gulab Jamun,Dinner
"Really enjoyed the meal, it was delicious.",2024-01-26T00:00:00,Uggani,Snacks
"It was fine, could be better.",2025-02-21T00:00:00,Samosa,Snacks
Good quality and well cooked.,2025-09-28T00:00:00,Gulab Jamun,Dinner
Good quality and well cooked.,2024-02-15T00:00:00,Idli,Lunch
Portion size was perfect and taste was nice.,2024-01-27T00:00:00,Paneer Curry,Lunch
The meal was light and refreshing.,2024-11-16T00:00:00,Sambar Rice,Lunch
The food was too spicy.,2025-01-22T00:00:00,Fish Curry,Snacks
"Fresh and tasty, good job by the kitchen.",2026-02-19T00:00:00,Dosa,Lunch
"Really enjoyed the meal, it was delicious.",2025-08-01T00:00:00,Pongal,Breakfast
Portion size was perfect and taste was nice.,2026-01-20T00:00:00,Fish Curry,Dinner
Portion size was perfect and taste was nice.,2025-04-28T00:00:00,Sambar Rice,Breakfast
Good quality and well cooked.,2024-10-02T00:00:00,Fish Curry,Dinner
"Really enjoyed the meal, it was delicious.",2024-12-02T00:00:00,Chicken Biryani,Snacks
"Really enjoyed the meal, it was delicious.",2025-04-11T00:00:00,Veg Biryani,Snacks
"Amazing flavors, I loved the taste.",2024-09-03T00:00:00,Samosa,Breakfast
Good quality and well cooked.,2024-03-22T00:00:00,Bonda,Dinner
Good quality and well cooked.,2025-10-31T00:00:00,Gulab Jamun,Breakfast
"Fresh and tasty, good job by the kitchen.",2025-03-04T00:00:00,Vada,Lunch
Portion size was perfect and taste was nice.,2024-09-07T00:00:00,Veg Biryani,Lunch
Portion size was perfect and taste was nice.,2024-09-23T00:00:00,Uggani,Lunch
Good quality and well cooked.,2024-04-30T00:00:00,Paneer Curry,Snacks
"Fresh and tasty, good job by the kitchen.",2025-06-01T00:00:00,Pongal,Dinner
"Amazing flavors, I loved the taste.",2024-07-21T00:00:00,Curd Rice,Dinner
The food tasted great today.,2024-06-19T00:00:00,Veg Curry,Dinner
"It was fine, could be better.",2026-02-22T00:00:00,Sambar Rice,Dinner
"Amazing flavors, I loved the taste.",2024-04-13T00:00:00,Mutton Curry,Dinner
The meal was light and refreshing.,2025-03-17T00:00:00,Curd Rice,Breakfast
The food tasted great today.,2024-05-15T00:00:00,Idli,Lunch
"Fresh and tasty, good job by the kitchen.",2024-12-28T00:00:00,Fish Curry,Dinner
"Amazing flavors, I loved the taste.",2025-07-24T00:00:00,Curd Rice,Dinner
The food tasted great today.,2024-12-10T00:00:00,Veg Biryani,Snacks
"Amazing flavors, I loved the taste.",2024-02-16T00:00:00,Samosa,Breakfast
"Fresh and tasty, good job by the kitchen.",2025-02-22T00:00:00,Pongal,Snacks
Good quality and well cooked.,2026-02-14T00:00:00,Bonda,Dinner
"Amazing flavors, I loved the taste.",2024-07-06T00:00:00,Vada,Lunch
"Taste was average, nothing special.",2024-01-08T00:00:00,Fish Curry,Breakfast
The food was not cooked properly.,2024-11-24T00:00:00,Gulab Jamun,Dinner
Decent meal overall.,2026-01-09T00:00:00,Bonda,Lunch
"Really enjoyed the meal, it was delicious.",2024-10-31T00:00:00,Roti,Breakfast
The food tasted great today.,2025-07-31T00:00:00,Vada,Snacks
Good quality and well cooked.,2024-11-26T00:00:00,Fish Curry,Dinner
The meal was light and refreshing.,2024-07-01T00:00:00,Ice Cream,Snacks
The meal was light and refreshing.,2026-01-22T00:00:00,Curd Rice,Breakfast
Portion size was perfect and taste was nice.,2024-10-11T00:00:00,Chicken Biryani,Dinner
Good quality and well cooked.,2024-10-18T00:00:00,Samosa,Breakfast
Good quality and well cooked.,2024-10-07T00:00:00,Veg Curry,Breakfast
"Really enjoyed the meal, it was delicious.",2024-06-22T00:00:00,Vada,Dinner
Portion size was perfect and taste was nice.,2026-02-10T00:00:00,Paneer Curry,Snacks
"Amazing flavors, I loved the taste.",2024-10-12T00:00:00,Sambar Rice,Lunch
"Really enjoyed the meal, it was delicious.",2025-07-19T00:00:00,Curd Rice,Breakfast
The meal was okay.,2025-09-04T00:00:00,Fish Curry,Lunch
The meal was okay.,2025-05-15T00:00:00,Dosa,Lunch
"Really enjoyed the meal, it was delicious.",2024-10-15T00:00:00,Idli,Snacks
Portion size was perfect and taste was nice.,2024-05-09T00:00:00,Uggani,Dinner
The meal was okay.,2026-01-03T00:00:00,Bonda,Snacks
"Fresh and tasty, good job by the kitchen.",2025-05-20T00:00:00,Sambar Rice,Dinner
"Taste was average, nothing special.",2024-10-12T00:00:00,Roti,Breakfast
The meal was okay.,2026-02-01T00:00:00,Sambar Rice,Snacks
Good quality and well cooked.,2024-06-09T00:00:00,Veg Biryani,Breakfast
"It was fine, could be better.",2025-04-09T00:00:00,Fish Curry,Snacks
"Amazing flavors, I loved the taste.",2025-12-05T00:00:00,Fish Curry,Breakfast
"Neither good nor bad, just normal.",2024-04-12T00:00:00,Samosa,Breakfast
"Really enjoyed the meal, it was delicious.",2025-07-25T00:00:00,Fish Curry,Snacks
"Taste was average, nothing special.",2024-05-20T00:00:00,Dosa,Breakfast
"Amazing flavors, I loved the taste.",2024-07-19T00:00:00,Ice Cream,Lunch
"Really enjoyed the meal, it was delicious.",2025-05-11T00:00:00,Roti,Dinner
Good quality and well cooked.,2024-05-14T00:00:00,Veg Curry,Dinner
Portion size was perfect and taste was nice.,2026-01-10T00:00:00,Chicken Biryani,Breakfast
"Fresh and tasty, good job by the kitchen.",2024-03-09T00:00:00,Chicken Biryani,Breakfast
"Amazing flavors, I loved the taste.",2024-07-01T00:00:00,Vada,Lunch
"It was fine, could be better.",2025-09-20T00:00:00,Dosa,Dinner
"Amazing flavors, I loved the taste.",2024-12-23T00:00:00,Ice Cream,Lunch
Good quality and well cooked.,2024-08-25T00:00:00,Vada,Lunch
"Fresh and tasty, good job by the kitchen.",2025-10-07T00:00:00,Paneer Curry,Dinner
Decent meal overall.,2025-05-07T00:00:00,Ice Cream,Snacks
"Really enjoyed the meal, it was delicious.",2024-04-25T00:00:00,Paneer Curry,Breakfast
"Fresh and tasty, good job by the kitchen.",2024-11-29T00:00:00,Paneer Curry,Dinner
The meal was okay.,2024-06-29T00:00:00,Veg Biryani,Dinner
"Amazing flavors, I loved the taste.",2024-04-26T00:00:00,Bonda,Snacks
"Amazing flavors, I loved the taste.",2024-05-11T00:00:00,Gulab Jamun,Dinner
Portion size was perfect and taste was nice.,2025-02-25T00:00:00,Vada,Dinner
"It was fine, could be better.",2024-10-01T00:00:00,Veg Biryani,Breakfast
The meal was light and refreshing.,2025-02-22T00:00:00,Fish Curry,Lunch
Good quality and well cooked.,2025-11-22T00:00:00,Dosa,Snacks
The food was not cooked properly.,2025-03-28T00:00:00,Samosa,Dinner
The food tasted strange today.,2024-02-25T00:00:00,Uggani,Dinner
"Amazing flavors, I loved the taste.",2024-08-12T00:00:00,Roti,Dinner
Good quality and well cooked.,2025-04-03T00:00:00,Samosa,Breakfast
The taste felt stale.,2024-06-19T00:00:00,Uggani,Lunch
The meal was light and refreshing.,2025-10-02T00:00:00,Mutton Curry,Lunch
"Really enjoyed the meal, it was delicious.",2025-09-11T00:00:00,Sambar Rice,Snacks
"Amazing flavors, I loved the taste.",2024-01-22T00:00:00,Mutton Curry,Breakfast
"It was fine, could be better.",2024-12-27T00:00:00,Ice Cream,Breakfast
"Amazing flavors, I loved the taste.",2024-02-20T00:00:00,Mutton Curry,Breakfast
"It was fine, could be better.",2025-07-02T00:00:00,Fish Curry,Lunch
Decent meal overall.,2025-02-09T00:00:00,Chicken Biryani,Lunch
The meal was light and refreshing.,2024-06-14T00:00:00,Veg Biryani,Snacks
"Neither good nor bad, just normal.",2024-08-08T00:00:00,Gulab Jamun,Snacks
The meal was okay.,2024-02-06T00:00:00,Mutton Curry,Lunch
Portion size was perfect and taste was nice.,2025-02-11T00:00:00,Idli,Breakfast
"Really enjoyed the meal, it was delicious.",2024-10-16T00:00:00,Vada,Breakfast
"Really enjoyed the meal, it was delicious.",2025-10-08T00:00:00,Paneer Curry,Breakfast
Good quality and well cooked.,2026-02-06T00:00:00,Veg Biryani,Breakfast
"Amazing flavors, I loved the taste.",2025-02-14T00:00:00,Sambar Rice,Dinner
The meal was light and refreshing.,2024-03-27T00:00:00,Curd Rice,Snacks
Portion size was perfect and taste was nice.,2026-01-09T00:00:00,Pongal,Breakfast
The meal was okay.,2026-01-30T00:00:00,Uggani,Breakfast
The food tasted great today.,2026-01-23T00:00:00,Mutton Curry,Lunch
The meal was light and refreshing.,2025-09-12T00:00:00,Ice Cream,Lunch
"Neither good nor bad, just normal.",2025-06-08T00:00:00,Paneer Curry,Snacks
Good quality and well cooked.,2025-04-14T00:00:00,Idli,Snacks
Good quality and well cooked.,2025-11-02T00:00:00,Chicken Biryani,Breakfast
"It was fine, could be better.",2025-03-15T00:00:00,Vada,Dinner
"Neither good nor bad, just normal.",2025-07-28T00:00:00,Pongal,Lunch
Good quality and well cooked.,2025-12-20T00:00:00,Roti,Dinner
"Fresh and tasty, good job by the kitchen.",2024-01-18T00:00:00,Mutton Curry,Lunch
Good quality and well cooked.,2026-02-20T00:00:00,Vada,Dinner
"Neither good nor bad, just normal.",2024-08-17T00:00:00,Mutton Curry,Breakfast
The meal was light and refreshing.,2024-08-25T00:00:00,Idli,Dinner
"Fresh and tasty, good job by the kitchen.",2025-07-30T00:00:00,Bonda,Snacks
"It was fine, could be better.",2024-05-27T00:00:00,Sambar Rice,Snacks
Portion size was perfect and taste was nice.,2024-06-22T00:00:00,Pongal,Breakfast
Portion size was perfect and taste was nice.,2024-09-12T00:00:00,Chicken Biryani,Dinner
"Fresh and tasty, good job by the kitchen.",2025-09-23T00:00:00,Pongal,Lunch
The food tasted great today.,2026-02-24T00:00:00,Vada,Lunch
"Fresh and tasty, good job by the kitchen.",2024-11-14T00:00:00,Vada,Snacks
The food tasted great today.,2024-11-25T00:00:00,Samosa,Lunch
Good quality and well cooked.,2025-12-07T00:00:00,Uggani,Breakfast
Portion size was perfect and taste was nice.,2025-05-26T00:00:00,Chicken Biryani,Dinner
"It was fine, could be better.",2025-04-17T00:00:00,Samosa,Lunch
The meal was okay.,2025-03-11T00:00:00,Vada,Breakfast
The meal was too salty.,2026-02-14T00:00:00,Pongal,Dinner
Portion size was perfect and taste was nice.,2026-02-05T00:00:00,Idli,Lunch
"Really enjoyed the meal, it was delicious.",2025-03-24T00:00:00,Sambar Rice,Lunch
"Neither good nor bad, just normal.",2025-05-22T00:00:00,Sambar Rice,Breakfast
"Really enjoyed the meal, it was delicious.",2026-02-05T00:00:00,Veg Curry,Dinner
"Neither good nor bad, just normal.",2024-01-10T00:00:00,Mutton Curry,Dinner
"Neither good nor bad, just normal.",2024-10-28T00:00:00,Paneer Curry,Breakfast
Portion size was perfect and taste was nice.,2025-01-15T00:00:00,Roti,Snacks
"It was fine, could be better.",2025-06-19T00:00:00,Veg Curry,Lunch
Portion size was perfect and taste was nice.,2025-09-11T00:00:00,Chicken Biryani,Snacks
"Fresh and tasty, good job by the kitchen.",2024-08-03T00:00:00,Roti,Dinner
"Really enjoyed the meal, it was delicious.",2025-06-20T00:00:00,Samosa,Lunch
Good quality and well cooked.,2025-03-02T00:00:00,Vada,Breakfast
"Neither good nor bad, just normal.",2024-03-09T00:00:00,Veg Curry,Lunch
"Amazing flavors, I loved the taste.",2024-07-11T00:00:00,Idli,Snacks
Portion size was perfect and taste was nice.,2025-04-14T00:00:00,Chicken Biryani,Breakfast
The food tasted great today.,2025-10-01T00:00:00,Samosa,Breakfast
The food tasted great today.,2024-12-24T00:00:00,Bonda,Lunch
Good quality and well cooked.,2025-10-05T00:00:00,Mutton Curry,Lunch
Good quality and well cooked.,2024-10-18T00:00:00,Idli,Lunch
"It was fine, could be better.",2025-10-01T00:00:00,Uggani,Snacks
Portion size was perfect and taste was nice.,2025-07-08T00:00:00,Ice Cream,Snacks
Portion size was perfect and taste was nice.,2024-06-05T00:00:00,Chicken Biryani,Breakfast
"It was fine, could be better.",2024-07-01T00:00:00,Sambar Rice,Lunch
"Really enjoyed the meal, it was delicious.",2025-06-18T00:00:00,Roti,Breakfast
Portion size was perfect and taste was nice.,2025-08-29T00:00:00,Ice Cream,Snacks
"Really enjoyed the meal, it was delicious.",2024-06-21T00:00:00,Roti,Dinner
"Really enjoyed the meal, it was delicious.",2024-04-03T00:00:00,Idli,Lunch
"Taste was average, nothing special.",2025-05-01T00:00:00,Curd Rice,Lunch
The meal was okay.,2024-02-23T00:00:00,Idli,Snacks
"Fresh and tasty, good job by the kitchen.",2025-11-11T00:00:00,Curd Rice,Dinner
Good quality and well cooked.,2025-05-27T00:00:00,Vada,Snacks
Portion size was perfect and taste was nice.,2025-02-06T00:00:00,Sambar Rice,Lunch
"Amazing flavors, I loved the taste.",2025-04-30T00:00:00,Ice Cream,Dinner
The meal was light and refreshing.,2025-06-18T00:00:00,Gulab Jamun,Snacks
Portion size was perfect and taste was nice.,2024-08-07T00:00:00,Samosa,Breakfast
"Taste was average, nothing special.",2025-03-23T00:00:00,Veg Curry,Snacks
"Fresh and tasty, good job by the kitchen.",2025-12-12T00:00:00,Mutton Curry,Dinner
Portion size was perfect and taste was nice.,2025-03-21T00:00:00,Roti,Breakfast
The food tasted great today.,2025-01-09T00:00:00,Gulab Jamun,Lunch
"Amazing flavors, I loved the taste.",2025-03-10T00:00:00,Bonda,Snacks
"Fresh and tasty, good job by the kitchen.",2025-01-18T00:00:00,Chicken Biryani,Lunch
"Really enjoyed the meal, it was delicious.",2025-03-28T00:00:00,Veg Curry,Breakfast
The food tasted great today.,2025-08-23T00:00:00,Gulab Jamun,Lunch
The food tasted great today.,2025-01-12T00:00:00,Paneer Curry,Snacks
Portion size was perfect and taste was nice.,2024-10-06T00:00:00,Roti,Breakfast
"Amazing flavors, I loved the taste.",2025-05-05T00:00:00,Dosa,Snacks
"Amazing flavors, I loved the taste.",2025-12-22T00:00:00,Ice Cream,Breakfast
"Amazing flavors, I loved the taste.",2024-02-28T00:00:00,Roti,Snacks
Portion size was perfect and taste was nice.,2025-10-09T00:00:00,Idli,Dinner
"Really enjoyed the meal, it was delicious.",2025-04-29T00:00:00,Bonda,Dinner
The food tasted great today.,2025-01-13T00:00:00,Mutton Curry,Breakfast
"Amazing flavors, I loved the taste.",2026-01-23T00:00:00,Idli,Lunch
The food tasted great today.,2025-03-05T00:00:00,Veg Curry,Lunch
"Fresh and tasty, good job by the kitchen.",2025-10-14T00:00:00,Sambar Rice,Breakfast
The meal was okay.,2025-07-11T00:00:00,Dosa,Snacks
Decent meal overall.,2026-01-25T00:00:00,Roti,Lunch
The meal was light and refreshing.,2025-11-19T00:00:00,Idli,Snacks
Portion size was perfect and taste was nice.,2026-01-09T00:00:00,Samosa,Lunch
"Neither good nor bad, just normal.",2025-03-02T00:00:00,Gulab Jamun,Breakfast
"Really enjoyed the meal, it was delicious.",2026-02-18T00:00:00,Dosa,Breakfast
"Amazing flavors, I loved the taste.",2024-09-30T00:00:00,Fish Curry,Lunch
"Fresh and tasty, good job by the kitchen.",2024-02-15T00:00:00,Pongal,Lunch
"Amazing flavors, I loved the taste.",2025-06-01T00:00:00,Roti,Lunch
The meal was okay.,2024-11-14T00:00:00,Uggani,Lunch
The food tasted great today.,2024-12-15T00:00:00,Roti,Snacks
The taste felt stale.,2025-04-19T00:00:00,Bonda,Breakfast
The food tasted great today.,2024-07-05T00:00:00,Pongal,Breakfast
Good quality and well cooked.,2025-08-28T00:00:00,Pongal,Lunch
The side dish mentioned in the menu was missing.,2024-01-11T00:00:00,Idli,Lunch
"Neither good nor bad, just normal.",2024-03-24T00:00:00,Chicken Biryani,Snacks
The meal was light and refreshing.,2025-11-28T00:00:00,Veg Biryani,Snacks
Good quality and well cooked.,2024-02-24T00:00:00,Chicken Biryani,Lunch
"Really enjoyed the meal, it was delicious.",2024-10-12T00:00:00,Ice Cream,Snacks
"Fresh and tasty, good job by the kitchen.",2024-08-19T00:00:00,Curd Rice,Snacks
"Really enjoyed the meal, it was delicious.",2024-06-30T00:00:00,Chicken Biryani,Snacks
"Amazing flavors, I loved the taste.",2025-03-26T00:00:00,Paneer Curry,Snacks
"Fresh and tasty, good job by the kitchen.",2024-12-29T00:00:00,Roti,Breakfast
Decent meal overall.,2025-04-05T00:00:00,Gulab Jamun,Snacks
Decent meal overall.,2025-01-29T00:00:00,Veg Curry,Breakfast
"Amazing flavors, I loved the taste.",2025-03-20T00:00:00,Curd Rice,Lunch
"Really enjoyed the meal, it was delicious.",2024-12-16T00:00:00,Gulab Jamun,Snacks
The food tasted great today.,2025-06-09T00:00:00,Fish Curry,Snacks
"Really enjoyed the meal, it was delicious.",2025-04-23T00:00:00,Chicken Biryani,Snacks
The food tasted great today.,2025-06-13T00:00:00,Roti,Breakfast
"Really enjoyed the meal, it was delicious.",2025-04-23T00:00:00,Veg Curry,Dinner
Decent meal overall.,2025-01-21T00:00:00,Samosa,Snacks
"Amazing flavors, I loved the taste.",2024-04-17T00:00:00,Dosa,Snacks
"Really enjoyed the meal, it was delicious.",2025-03-07T00:00:00,Gulab Jamun,Breakfast
Good quality and well cooked.,2025-10-25T00:00:00,Vada,Snacks
Good quality and well cooked.,2024-11-09T00:00:00,Sambar Rice,Lunch
Portion size was perfect and taste was nice.,2024-07-09T00:00:00,Veg Curry,Dinner
The meal was light and refreshing.,2025-09-23T00:00:00,Idli,Dinner
"Amazing flavors, I loved the taste.",2025-02-12T00:00:00,Bonda,Dinner
"It was fine, could be better.",2026-01-10T00:00:00,Vada,Lunch
"Neither good nor bad, just normal.",2025-11-25T00:00:00,Gulab Jamun,Snacks
The food tasted great today.,2024-08-27T00:00:00,Ice Cream,Snacks
"Neither good nor bad, just normal.",2025-03-12T00:00:00,Fish Curry,Breakfast
Portion size was perfect and taste was nice.,2024-01-30T00:00:00,Roti,Dinner
Good quality and well cooked.,2025-09-03T00:00:00,Veg Curry,Lunch
Decent meal overall.,2026-02-08T00:00:00,Fish Curry,Lunch
"Amazing flavors, I loved the taste.",2024-12-07T00:00:00,Curd Rice,Lunch
Good quality and well cooked.,2026-02-23T00:00:00,Dosa,Breakfast
"Neither good nor bad, just normal.",2025-02-09T00:00:00,Curd Rice,Snacks
The meal was okay.,2025-11-05T00:00:00,Veg Curry,Dinner
"Really enjoyed the meal, it was delicious.",2024-11-04T00:00:00,Curd Rice,Lunch
"Really enjoyed the meal, it was delicious.",2024-08-29T00:00:00,Paneer Curry,Breakfast
The food tasted great today.,2026-01-11T00:00:00,Chicken Biryani,Dinner
"Amazing flavors, I loved the taste.",2025-07-22T00:00:00,Veg Biryani,Lunch
"Fresh and tasty, good job by the kitchen.",2024-06-12T00:00:00,Gulab Jamun,Breakfast
"Neither good nor bad, just normal.",2025-07-17T00:00:00,Gulab Jamun,Breakfast
"Fresh and tasty, good job by the kitchen.",2025-11-15T00:00:00,Ice Cream,Lunch
"Amazing flavors, I loved the taste.",2024-09-05T00:00:00,Ice Cream,Dinner
The meal was too salty.,2024-11-21T00:00:00,Sambar Rice,Dinner
"It was fine, could be better.",2024-10-16T00:00:00,Curd Rice,Dinner
Portion size was perfect and taste was nice.,2024-03-14T00:00:00,Uggani,Dinner
Decent meal overall.,2024-01-28T00:00:00,Gulab Jamun,Dinner
"Taste was average, nothing special.",2025-01-12T00:00:00,Veg Biryani,Lunch
Portion size was perfect and taste was nice.,2024-01-02T00:00:00,Gulab Jamun,Snacks
"Amazing flavors, I loved the taste.",2024-08-23T00:00:00,Ice Cream,Breakfast
"Really enjoyed the meal, it was delicious.",2024-02-15T00:00:00,Curd Rice,Dinner
"Fresh and tasty, good job by the kitchen.",2024-04-05T00:00:00,Chicken Biryani,Snacks
"Amazing flavors, I loved the taste.",2024-07-03T00:00:00,Samosa,Dinner
Good quality and well cooked.,2024-11-14T00:00:00,Uggani,Lunch
The food tasted great today.,2024-09-24T00:00:00,Ice Cream,Dinner
"Taste was average, nothing special.",2025-02-11T00:00:00,Uggani,Lunch
"Fresh and tasty, good job by the kitchen.",2024-03-25T00:00:00,Fish Curry,Breakfast
"Amazing flavors, I loved the taste.",2025-02-18T00:00:00,Gulab Jamun,Breakfast
The curry had too much oil floating on top.,2024-05-11T00:00:00,Idli,Lunch
"Neither good nor bad, just normal.",2024-01-12T00:00:00,Fish Curry,Dinner
"Fresh and tasty, good job by the kitchen.",2024-02-25T00:00:00,Vada,Dinner
Good quality and well cooked.,2026-01-29T00:00:00,Paneer Curry,Dinner
Portion size was perfect and taste was nice.,2025-01-16T00:00:00,Sambar Rice,Dinner
Decent meal overall.,2025-01-08T00:00:00,Vada,Snacks
"Fresh and tasty, good job by the kitchen.",2025-06-28T00:00:00,Sambar Rice,Lunch
"Really enjoyed the meal, it was delicious.",2024-01-08T00:00:00,Ice Cream,Breakfast
"Taste was average, nothing special.",2025-06-11T00:00:00,Samosa,Snacks
The meal was okay.,2025-04-20T00:00:00,Bonda,Dinner
The food tasted great today.,2025-05-16T00:00:00,Paneer Curry,Breakfast
The food tasted great today.,2025-09-05T00:00:00,Bonda,Snacks
"Neither good nor bad, just normal.",2024-12-11T00:00:00,Gulab Jamun,Snacks
Portion size was perfect and taste was nice.,2024-09-30T00:00:00,Paneer Curry,Breakfast
"It was fine, could be better.",2025-03-03T00:00:00,Veg Curry,Snacks
Good quality and well cooked.,2024-10-31T00:00:00,Idli,Dinner
Good quality and well cooked.,2026-01-19T00:00:00,Dosa,Breakfast
"Taste was average, nothing special.",2024-06-28T00:00:00,Dosa,Dinner
"Really enjoyed the meal, it was delicious.",2026-01-14T00:00:00,Pongal,Breakfast
"Fresh and tasty, good job by the kitchen.",2024-10-08T00:00:00,Curd Rice,Dinner
"Amazing flavors, I loved the taste.",2025-09-24T00:00:00,Gulab Jamun,Dinner
The meal was cold and unpleasant.,2024-03-19T00:00:00,Veg Biryani,Dinner
The meal was cold and unpleasant.,2024-05-30T00:00:00,Samosa,Snacks
Portion size was perfect and taste was nice.,2026-01-12T00:00:00,Sambar Rice,Dinner
"Amazing flavors, I loved the taste.",2026-02-06T00:00:00,Pongal,Snacks
"Fresh and tasty, good job by the kitchen.",2024-01-23T00:00:00,Paneer Curry,Dinner
"Amazing flavors, I loved the taste.",2025-10-30T00:00:00,Veg Curry,Snacks
The food tasted great today.,2024-07-15T00:00:00,Pongal,Dinner
Portion size was perfect and taste was nice.,2025-06-10T00:00:00,Roti,Snacks
"Amazing flavors, I loved the taste.",2024-02-20T00:00:00,Mutton Curry,Lunch
"Really enjoyed the meal, it was delicious.",2026-02-17T00:00:00,Gulab Jamun,Dinner
"Amazing flavors, I loved the taste.",2025-12-06T00:00:00,Uggani,Snacks
Decent meal overall.,2025-11-18T00:00:00,Veg Curry,Snacks
"Really enjoyed the meal, it was delicious.",2025-11-25T00:00:00,Dosa,Dinner
The meal was okay.,2025-02-20T00:00:00,Paneer Curry,Snacks
"Neither good nor bad, just normal.",2025-11-03T00:00:00,Chicken Biryani,Breakfast
Good quality and well cooked.,2025-04-18T00:00:00,Curd Rice,Snacks
"Really enjoyed the meal, it was delicious.",2024-08-18T00:00:00,Samosa,Breakfast
The flavors were bland and needed more seasoning.,2024-03-06T00:00:00,Idli,Snacks
The taste felt stale.,2025-03-06T00:00:00,Paneer Curry,Dinner
"Neither good nor bad, just normal.",2025-07-25T00:00:00,Samosa,Dinner
"It was fine, could be better.",2024-11-23T00:00:00,Idli,Snacks
"Taste was average, nothing special.",2025-04-18T00:00:00,Gulab Jamun,Dinner
Portion size was perfect and taste was nice.,2025-12-15T00:00:00,Vada,Lunch
"It was fine, could be better.",2025-02-16T00:00:00,Veg Curry,Dinner
"Amazing flavors, I loved the taste.",2025-05-13T00:00:00,Dosa,Breakfast
The food tasted great today.,2024-07-31T00:00:00,Mutton Curry,Snacks
Good quality and well cooked.,2024-10-25T00:00:00,Fish Curry,Snacks
"Amazing flavors, I loved the taste.",2025-04-23T00:00:00,Samosa,Dinner
Portion size was perfect and taste was nice.,2025-08-21T00:00:00,Idli,Lunch
Portion size was perfect and taste was nice.,2025-03-17T00:00:00,Veg Curry,Snacks
The meal was light and refreshing.,2024-10-17T00:00:00,Uggani,Breakfast
"Really enjoyed the meal, it was delicious.",2025-01-19T00:00:00,Mutton Curry,Dinner
"Fresh and tasty, good job by the kitchen.",2025-09-13T00:00:00,Mutton Curry,Lunch
"Fresh and tasty, good job by the kitchen.",2024-08-11T00:00:00,Sambar Rice,Breakfast
The taste felt stale.,2024-10-23T00:00:00,Chicken Biryani,Breakfast
The meal was missing an important ingredient.,2026-01-22T00:00:00,Veg Curry,Lunch
"It was fine, could be better.",2026-02-08T00:00:00,Ice Cream,Dinner
Portion size was perfect and taste was nice.,2024-10-12T00:00:00,Chicken Biryani,Dinner
The meal was okay.,2025-11-11T00:00:00,Samosa,Snacks
"Taste was average, nothing special.",2025-02-17T00:00:00,Samosa,Dinner
Good quality and well cooked.,2025-04-05T00:00:00,Vada,Dinner
"Neither good nor bad, just normal.",2024-10-22T00:00:00,Veg Curry,Lunch
The meal was light and refreshing.,2025-04-20T00:00:00,Idli,Snacks
"Neither good nor bad, just normal.",2025-08-17T00:00:00,Veg Curry,Breakfast
"Fresh and tasty, good job by the kitchen.",2024-07-12T00:00:00,Uggani,Dinner
"Taste was average, nothing special.",2025-09-16T00:00:00,Idli,Lunch
Portion size was perfect and taste was nice.,2025-08-07T00:00:00,Fish Curry,Breakfast
"It was fine, could be better.",2025-09-16T00:00:00,Uggani,Breakfast
Portion size was perfect and taste was nice.,2025-10-02T00:00:00,Veg Biryani,Lunch
Good quality and well cooked.,2024-01-24T00:00:00,Vada,Breakfast
The meal was light and refreshing.,2024-06-14T00:00:00,Ice Cream,Lunch
"Taste was average, nothing special.",2024-06-28T00:00:00,Bonda,Snacks
Good quality and well cooked.,2024-05-15T00:00:00,Vada,Lunch
The meal was okay.,2024-07-30T00:00:00,Paneer Curry,Breakfast
"Really enjoyed the meal, it was delicious.",2025-12-01T00:00:00,Bonda,Dinner
"Taste was average, nothing special.",2025-04-17T00:00:00,Bonda,Lunch
The meal was light and refreshing.,2025-09-10T00:00:00,Fish Curry,Breakfast
"Really enjoyed the meal, it was delicious.",2025-04-18T00:00:00,Samosa,Lunch
"Amazing flavors, I loved the taste.",2024-02-03T00:00:00,Pongal,Breakfast
The meal was light and refreshing.,2025-01-29T00:00:00,Uggani,Dinner
Good quality and well cooked.,2026-01-03T00:00:00,Pongal,Dinner
"Amazing flavors, I loved the taste.",2025-09-13T00:00:00,Mutton Curry,Breakfast
"Fresh and tasty, good job by the kitchen.",2025-05-07T00:00:00,Mutton Curry,Breakfast
The meal was light and refreshing.,2025-02-11T00:00:00,Dosa,Snacks
"Fresh and tasty, good job by the kitchen.",2026-01-03T00:00:00,Dosa,Snacks
"Fresh and tasty, good job by the kitchen.",2024-05-07T00:00:00,Fish Curry,Dinner
"It was fine, could be better.",2026-02-15T00:00:00,Sambar Rice,Lunch
Good quality and well cooked.,2025-02-26T00:00:00,Sambar Rice,Lunch
"Taste was average, nothing special.",2025-05-09T00:00:00,Samosa,Lunch
The food tasted great today.,2024-12-03T00:00:00,Chicken Biryani,Snacks
"Neither good nor bad, just normal.",2026-02-09T00:00:00,Pongal,Dinner
"It was fine, could be better.",2024-10-29T00:00:00,Veg Biryani,Snacks
The meal was light and refreshing.,2025-04-06T00:00:00,Bonda,Snacks
The food smelled bad and felt old.,2024-02-06T00:00:00,Roti,Snacks
Portion size was perfect and taste was nice.,2024-10-22T00:00:00,Curd Rice,Lunch
Good quality and well cooked.,2025-07-31T00:00:00,Idli,Lunch
Good quality and well cooked.,2026-01-03T00:00:00,Gulab Jamun,Snacks
"Neither good nor bad, just normal.",2025-12-31T00:00:00,Veg Curry,Snacks
"Really enjoyed the meal, it was delicious.",2026-01-31T00:00:00,Bonda,Snacks
Portion size was perfect and taste was nice.,2024-10-26T00:00:00,Curd Rice,Lunch
"Taste was average, nothing special.",2024-01-29T00:00:00,Ice Cream,Snacks
"Really enjoyed the meal, it was delicious.",2025-08-21T00:00:00,Chicken Biryani,Snacks
Good quality and well cooked.,2026-01-08T00:00:00,Idli,Snacks
"Neither good nor bad, just normal.",2025-09-25T00:00:00,Fish Curry,Dinner
"Amazing flavors, I loved the taste.",2024-06-08T00:00:00,Veg Curry,Snacks
Portion size was perfect and taste was nice.,2025-01-18T00:00:00,Fish Curry,Snacks
"Amazing flavors, I loved the taste.",2024-06-22T00:00:00,Ice Cream,Dinner
"Really enjoyed the meal, it was delicious.",2025-05-10T00:00:00,Fish Curry,Dinner
"Amazing flavors, I loved the taste.",2024-03-07T00:00:00,Ice Cream,Breakfast
Good quality and well cooked.,2024-07-30T00:00:00,Samosa,Lunch
Good quality and well cooked.,2025-09-15T00:00:00,Veg Biryani,Lunch
Good quality and well cooked.,2025-05-25T00:00:00,Sambar Rice,Lunch
The meal was light and refreshing.,2026-02-03T00:00:00,Bonda,Breakfast
"Taste was average, nothing special.",2025-01-07T00:00:00,Fish Curry,Lunch
"Amazing flavors, I loved the taste.",2024-04-11T00:00:00,Dosa,Dinner
"It was fine, could be better.",2025-07-20T00:00:00,Samosa,Breakfast
The meal was okay.,2025-04-02T00:00:00,Mutton Curry,Breakfast
"Taste was average, nothing special.",2024-09-19T00:00:00,Fish Curry,Lunch
"Really enjoyed the meal, it was delicious.",2025-12-07T00:00:00,Veg Curry,Lunch
The food tasted great today.,2025-09-15T00:00:00,Bonda,Lunch
The food tasted great today.,2026-01-30T00:00:00,Roti,Snacks
"Really enjoyed the meal, it was delicious.",2025-06-19T00:00:00,Chicken Biryani,Breakfast
"Really enjoyed the meal, it was delicious.",2024-08-21T00:00:00,Paneer Curry,Breakfast
"Neither good nor bad, just normal.",2024-04-10T00:00:00,Veg Biryani,Dinner
Good quality and well cooked.,2025-10-11T00:00:00,Mutton Curry,Breakfast
"Neither good nor bad, just normal.",2024-04-29T00:00:00,Pongal,Lunch
"Neither good nor bad, just normal.",2024-07-21T00:00:00,Bonda,Breakfast
Portion size was perfect and taste was nice.,2025-05-13T00:00:00,Sambar Rice,Lunch
Decent meal overall.,2025-03-16T00:00:00,Paneer Curry,Breakfast
"Taste was average, nothing special.",2025-08-26T00:00:00,Sambar Rice,Dinner
The food tasted strange today.,2026-02-11T00:00:00,Bonda,Breakfast
"Fresh and tasty, good job by the kitchen.",2025-10-08T00:00:00,Uggani,Snacks
Decent meal overall.,2025-05-09T00:00:00,Veg Curry,Snacks
"Amazing flavors, I loved the taste.",2024-11-02T00:00:00,Fish Curry,Snacks
Good quality and well cooked.,2024-10-08T00:00:00,Roti,Lunch
"Amazing flavors, I loved the taste.",2025-03-26T00:00:00,Mutton Curry,Snacks
"Fresh and tasty, good job by the kitchen.",2024-01-07T00:00:00,Sambar Rice,Lunch
"Fresh and tasty, good job by the kitchen.",2024-06-16T00:00:00,Samosa,Dinner
"Neither good nor bad, just normal.",2025-11-20T00:00:00,Veg Curry,Breakfast
The meal was light and refreshing.,2025-03-29T00:00:00,Paneer Curry,Breakfast
The food was too spicy.,2024-04-21T00:00:00,Samosa,Lunch
The food was too oily.,2025-05-28T00:00:00,Veg Biryani,Lunch
The meal was light and refreshing.,2025-06-27T00:00:00,Paneer Curry,Snacks
"Amazing flavors, I loved the taste.",2024-11-03T00:00:00,Vada,Breakfast
Good quality and well cooked.,2024-06-09T00:00:00,Chicken Biryani,Lunch
The meal was light and refreshing.,2024-06-24T00:00:00,Chicken Biryani,Dinner
Good quality and well cooked.,2025-06-12T00:00:00,Veg Curry,Lunch
"It was fine, could be better.",2024-08-22T00:00:00,Vada,Dinner
The meal was light and refreshing.,2024-11-06T00:00:00,Roti,Dinner
Good quality and well cooked.,2024-12-07T00:00:00,Gulab Jamun,Lunch
The vegetables were overcooked and mushy.,2024-11-11T00:00:00,Gulab Jamun,Snacks
The meal was light and refreshing.,2025-03-03T00:00:00,Uggani,Dinner
The meal was okay.,2025-02-22T00:00:00,Idli,Dinner
"Fresh and tasty, good job by the kitchen.",2026-02-24T00:00:00,Gulab Jamun,Lunch
"Taste was average, nothing special.",2024-08-01T00:00:00,Roti,Breakfast
"It was fine, could be better.",2024-01-25T00:00:00,Roti,Snacks
The meal was light and refreshing.,2025-01-26T00:00:00,Samosa,Dinner
"Taste was average, nothing special.",2025-09-24T00:00:00,Samosa,Lunch
The meal was light and refreshing.,2024-10-07T00:00:00,Fish Curry,Dinner
"Really enjoyed the meal, it was delicious.",2024-06-13T00:00:00,Sambar Rice,Breakfast
"Amazing flavors, I loved the taste.",2025-08-30T00:00:00,Samosa,Dinner
"Neither good nor bad, just normal.",2025-12-05T00:00:00,Vada,Breakfast
Good quality and well cooked.,2025-09-13T00:00:00,Vada,Lunch
The food tasted great today.,2024-02-27T00:00:00,Ice Cream,Breakfast
Portion size was perfect and taste was nice.,2025-01-13T00:00:00,Samosa,Snacks
The meal was okay.,2025-04-28T00:00:00,Bonda,Snacks
Good quality and well cooked.,2026-01-20T00:00:00,Curd Rice,Breakfast
The meal was light and refreshing.,2024-06-03T00:00:00,Uggani,Lunch
Portion size was perfect and taste was nice.,2024-03-31T00:00:00,Paneer Curry,Lunch
Good quality and well cooked.,2025-08-09T00:00:00,Bonda,Lunch
Portion size was perfect and taste was nice.,2025-06-27T00:00:00,Mutton Curry,Snacks
"Really enjoyed the meal, it was delicious.",2026-02-27T00:00:00,Paneer Curry,Breakfast
The meal was light and refreshing.,2025-01-04T00:00:00,Pongal,Snacks
"Really enjoyed the meal, it was delicious.",2024-11-24T00:00:00,Bonda,Lunch
"Fresh and tasty, good job by the kitchen.",2025-01-05T00:00:00,Bonda,Lunch
"Amazing flavors, I loved the taste.",2025-12-21T00:00:00,Samosa,Lunch
Portion size was perfect and taste was nice.,2026-02-04T00:00:00,Roti,Snacks
The food tasted great today.,2025-10-19T00:00:00,Idli,Lunch
The food was not cooked properly.,2025-05-13T00:00:00,Uggani,Dinner
Portion size was perfect and taste was nice.,2025-01-17T00:00:00,Dosa,Breakfast
The food tasted great today.,2025-05-31T00:00:00,Idli,Dinner
Good quality and well cooked.,2025-08-11T00:00:00,Samosa,Dinner
The meal was okay.,2025-08-01T00:00:00,Samosa,Breakfast
Portion size was perfect and taste was nice.,2024-06-11T00:00:00,Pongal,Breakfast
Portion size was perfect and taste was nice.,2025-04-24T00:00:00,Fish Curry,Breakfast
The meal was light and refreshing.,2025-12-01T00:00:00,Chicken Biryani,Breakfast
"Neither good nor bad, just normal.",2025-04-07T00:00:00,Uggani,Snacks
The food was too hot and overcooked.,2024-07-05T00:00:00,Curd Rice,Snacks
Decent meal overall.,2025-12-10T00:00:00,Samosa,Dinner
The food was not cooked properly.,2025-08-11T00:00:00,Uggani,Breakfast
Portion size was perfect and taste was nice.,2025-02-03T00:00:00,Paneer Curry,Breakfast
"Taste was average, nothing special.",2024-11-26T00:00:00,Idli,Breakfast
Good quality and well cooked.,2024-08-16T00:00:00,Uggani,Lunch
"Taste was average, nothing special.",2026-02-27T00:00:00,Samosa,Dinner
"Really enjoyed the meal, it was delicious.",2024-05-31T00:00:00,Gulab Jamun,Lunch
"Really enjoyed the meal, it was delicious.",2024-04-13T00:00:00,Chicken Biryani,Snacks
The meal was light and refreshing.,2024-05-10T00:00:00,Idli,Breakfast
The food tasted great today.,2024-12-01T00:00:00,Mutton Curry,Snacks
"Amazing flavors, I loved the taste.",2024-08-01T00:00:00,Samosa,Lunch
"Really enjoyed the meal, it was delicious.",2025-03-10T00:00:00,Chicken Biryani,Snacks
"Really enjoyed the meal, it was delicious.",2024-12-29T00:00:00,Roti,Lunch
"Neither good nor bad, just normal.",2024-05-06T00:00:00,Idli,Lunch
"Fresh and tasty, good job by the kitchen.",2026-01-31T00:00:00,Ice Cream,Breakfast
The meal was okay.,2025-04-02T00:00:00,Chicken Biryani,Dinner
"Taste was average, nothing special.",2024-07-29T00:00:00,Bonda,Dinner
The food tasted great today.,2024-06-28T00:00:00,Ice Cream,Breakfast
"Really enjoyed the meal, it was delicious.",2026-02-13T00:00:00,Fish Curry,Breakfast
"Fresh and tasty, good job by the kitchen.",2026-01-28T00:00:00,Chicken Biryani,Breakfast
"Fresh and tasty, good job by the kitchen.",2024-07-14T00:00:00,Gulab Jamun,Snacks
The meal was light and refreshing.,2025-06-03T00:00:00,Chicken Biryani,Breakfast
Good quality and well cooked.,2025-06-04T00:00:00,Gulab Jamun,Dinner
The food tasted great today.,2024-01-08T00:00:00,Sambar Rice,Dinner
"Neither good nor bad, just normal.",2024-04-12T00:00:00,Ice Cream,Dinner
